CREATE TABLE public.food_type (
	food_type_id bigserial NOT NULL,
	food_type_title varchar(50) NOT NULL,
	CONSTRAINT food_type_food_type_title_key UNIQUE (food_type_title),
	CONSTRAINT food_type_pkey PRIMARY KEY (food_type_id)
);

CREATE TABLE public.nutrient_type (
	nutrient_type_id bigserial NOT NULL,
	nutrient_name varchar(50) NOT NULL,
	nutrient_number varchar(10) NOT NULL,
	unit_name varchar(10) NOT NULL,
	CONSTRAINT nutrient_type_nutrient_name_key UNIQUE (nutrient_name),
	CONSTRAINT nutrient_type_nutrient_number_key UNIQUE (nutrient_number),
	CONSTRAINT nutrient_type_pkey PRIMARY KEY (nutrient_type_id)
);

CREATE TABLE public.food (
	food_id bigserial NOT NULL,
	food_title varchar(100) NOT NULL,
	food_description varchar(500) NULL,
	food_ingredients varchar(2000) NULL,
	food_type_id int8 NOT NULL,
	fdc_id int8 NULL,
	CONSTRAINT food_fdc_id_key UNIQUE (fdc_id),
	CONSTRAINT food_pkey PRIMARY KEY (food_id),
	CONSTRAINT fk_food_food_type_id FOREIGN KEY (food_type_id) REFERENCES food_type(food_type_id)
);


CREATE TABLE public.food_nutrient (
	nutrient_id bigserial NOT NULL,
	amount float4 NOT NULL DEFAULT 0,
	food_id int8 NOT NULL,
	nutrient_type_id int8 NOT NULL,
	CONSTRAINT food_nutrient_pkey PRIMARY KEY (nutrient_id),
	CONSTRAINT fk_food_nutrient_food_id FOREIGN KEY (food_id) REFERENCES food(food_id),
	CONSTRAINT fk_food_nutrient_nutrient_type_id FOREIGN KEY (nutrient_type_id) REFERENCES nutrient_type(nutrient_type_id)
);


INSERT INTO public.food_type (food_type_id,food_type_title) VALUES (1,'Branded');
INSERT INTO public.food_type (food_type_id,food_type_title) VALUES (2,'SR Legacy');
INSERT INTO public.food_type (food_type_id,food_type_title) VALUES (3,'Survey (FNDDS)');
INSERT INTO public.food_type (food_type_id,food_type_title) VALUES (4,'Sub Sample');
;

INSERT INTO public.food (food_id,food_title,food_description,food_ingredients,food_type_id,fdc_id) VALUES (1,'SAN MARZANO STYLE WHOLE PEELED TOMATOES, SAN MARZANO STYLE',NULL,'TOMATOES, TOMATO JUICE, LESS THAN 2% OF: SALT, CITRIC ACID.',1,933368);
INSERT INTO public.food (food_id,food_title,food_description,food_ingredients,food_type_id,fdc_id) VALUES (2,'SHASTA, CAFFEINE FREE SODA, FIESTA PUNCH',NULL,'CARBONATED WATER, HIGH FRUCTOSE CORN SYRUP, ORANGE JUICE CONCENTRATE, CITRIC ACID, POTASSIUM BENZOATE (PRESERVATIVE), FOOD STARCH-MODIFIED NATURAL AND ARTIFICIAL FLAVORS, GLYCERYL ABIETATE, SUCRALOSE, BROMINATED VEGETABLE OIL SODIUM BENZOATE (PRESERVATIVE), PINEAPPLE JUICE, RED 40.',1,412434);
INSERT INTO public.food (food_id,food_title,food_description,food_ingredients,food_type_id,fdc_id) VALUES (3,'DURUM ATTA',NULL,'DURUM WHEAT FLOUR, WHEAT BRAN, ENRICHED FLOUR (WHEAT FLOUR, NIACIN, REDUCED IRON, THIAMIN MONONITRATE, RIBOFLAVIN, FOLIC ACID), NIACIN, REDUCED IRON, THIAMIN MONONITRATE, RIBOFLAVIN, FOLIC ACID.',1,563299);
INSERT INTO public.food (food_id,food_title,food_description,food_ingredients,food_type_id,fdc_id) VALUES (4,'GREEK YOGURT',NULL,'CULTURED GRADE A MILK AND NONFAT MILK, MILK PROTEIN CONCENTRATE, WHEY PROTEIN CONCENTRATE, SUGAR, MODIFIED CORN STARCH, COFFEE AND VANILLA FLAVORS, NATURAL FLAVORS, PECTIN, CITRIC ACID, SODIUM CITRATE, VITAMIN D3 ADDED; PROBIOTICS: STREPTOCOCCUS THERMOPHILUS, L BULGARICUS, L ACIDOPHILUS, BIFIDOBACTERIUM LACTIS, L CASEI.',1,459590);
INSERT INTO public.food (food_id,food_title,food_description,food_ingredients,food_type_id,fdc_id) VALUES (5,'FROZEN VANILLA DAIRY DESSERT CONES, VANILLA',NULL,'WHEY, CONE (BLEACHED WHEAT FLOUR, SUGAR, VEGETABLE SHORTENING [PALM OIL, SOYBEAN OIL], SOY LECITHIN, SALT), CREAM, PEANUTS, SUGAR, CONE COATING (COCONUT OIL, SUGAR, COCOA POWDER, PARTIALLY HYDROGENATED SOYBEAN OIL, SOY LECITHIN, HYDROGENATED PALM OIL, ARTIFICIAL FLAVOR), SKIM MILK, CHOCOLATEY COATING (COCONUT OIL, PALM OIL, SUGAR, COCOA, REDUCED MINERALS WHEY, MILK, CHOCOLATE, ARTIFICIAL FLAVOR, SOY LECITHIN), CORN SYRUP, TAPIOCA MALTODEXTRIN, NATURAL AND ARTIFICIAL FLAVOR, PROPYLENE GLYCOL MONOSTEARATE, GUAR GUM, MONOGLYCERIDES, SODIUM CARBOXYMETHYLCELLULOSE, CARRAGEENAN, INVERT SUGAR, ANNATTO COLOR, SALT.',1,667494);
INSERT INTO public.food (food_id,food_title,food_description,food_ingredients,food_type_id,fdc_id) VALUES (6,'APPLE & GINGER COLD PRESSED FRUIT & VEGETABLE JUICE, APPLE & GINGER',NULL,'APPLE, GINGER, ANTIOXYDANT: ASCORBIC ACID',1,890264);
INSERT INTO public.food (food_id,food_title,food_description,food_ingredients,food_type_id,fdc_id) VALUES (7,'FLOUR TORTILLAS FAJITA',NULL,'ENRICHED BLEACHED WHEAT FLOUR (WHEAT FLOUR, NIACIN, REDUCED IRON, THIAMINE MONONITRATE, RIBOFLAVIN, FOLIC ACID), WATER, VEGETABLE SHORTENING (INTERESTERIFIED SOYBEAN OIL, HYDROGENATED SOYBEAN OIL AND/OR PALM OIL), CONTAINS 2% OR LESS OF: SALT, SUGAR, LEAVENING (SODIUM BICARBONATE, SODIUM ALUMINUM SULFATE, CORN STARCH, MONOCALCIUM PHOSPHATE AND/OR SODIUM ACID PYROPHOSPHATE, CALCIUM SULFATE), DISTILLED MONOGLYCERIDES, ENZYMES, WHEAT STARCH, CALCIUM CARBONATE, ANTIOXIDANTS (TOCOPHEROLS, ASCORBIC ACID, CITRIC ACID), CELLULOSE GUM, GUAR GUM, DOUGH CONDITIONERS (FUMARIC ACID, SODIUM METABISULFITE AND/OR MONO- AND DIGLYCERIDES), CALCIUM PROPIONATE AND SORBIC ACID (TO PRESERVE FRESHNESS).',1,481983);
INSERT INTO public.food (food_id,food_title,food_description,food_ingredients,food_type_id,fdc_id) VALUES (8,'THE COOKIE DOUGH CAFE, GOURMET EDIBLE COOKIE DOUGH',NULL,'WHEAT FLOUR, BROWN SUGAR, BUTTER (PASTEURIZED CREAM, NATURAL FLAVOR), WATER, SUGAR, OREO COOKIES (SUGAR, UN-BLEACHED ENRICHED FLOUR (WHEAT FLOUR, NIACIN, REDUCED IRON, THIAMINE MONONITRATE {VITAMIN B1}, RIBOFLAVIN {VITAMIN B2}, FOLIC ACID), HIGH OLEIC CANOLA AND/OR PALM AND OR CANOLA OIL, COCOA (PROCESSED WITH ALKALI), HIGH FRUCTOSE CORN SYRUP, LEAVENING (BAKING SODA AND/OR CALCIUM PHOSPHATE), CORNSTARCH, SALT, SOY LECITHIN, VANILLIN-AN ARTIFICIAL FLAVOR, CHOCOLATE), SEA SALT, PURE VANILLA EXTRACT.',1,398323);
INSERT INTO public.food (food_id,food_title,food_description,food_ingredients,food_type_id,fdc_id) VALUES (9,'POT SIZE THIN SPAGHETTI',NULL,'DURUM WHEAT SEMOLINA (ENRICHED WITH IRON [FERROUS SULFATE] AND B VITAMINS [NIACIN, THIAMINE MONONITRATE, RIBOFLAVIN, FOLIC ACID]).',1,455152);
INSERT INTO public.food (food_id,food_title,food_description,food_ingredients,food_type_id,fdc_id) VALUES (10,'TURMERIC GINGER CITRUS CAFFEINE FREE KOMBUCHA, TURMERIC GINGER CITRUS',NULL,'ORGANIC KOMBUCHA CULTURE*, ORGANIC CANE SUGAR, ORGANIC GINGER ROOT, ORGANIC ORANGE JUICE, ORGANIC LIME JUICE, ORGANIC LEMON JUICE, ORGANIC TURMERIC EXTRACT, ORGANIC BLACK PEPPER EXTRACT',1,883772);
INSERT INTO public.food (food_id,food_title,food_description,food_ingredients,food_type_id,fdc_id) VALUES (11,'HIMALAYAN PINK SALT',NULL,'MINERAL SALT (HIMALAYAN PINK SALT)',1,938646);
INSERT INTO public.food (food_id,food_title,food_description,food_ingredients,food_type_id,fdc_id) VALUES (12,'CAMPBELL''S CONDENSED SOUP BEEF',NULL,'INGREDIENTS: BEEF STOCK, YEAST EXTRACT, CONTAINS LESS THAN 2% OF: SALT, MONOSODIUM GLUTAMATE, FLAVORING, DEXTROSE, CARAMEL COLOR, BEEF FLAVOR (CONTAINS BEEF STOCK, YEAST EXTRACT), HYDROLYZED SOY PROTEIN, CELERY EXTRACT, HYDROLYZED WHEAT GLUTEN, ONION OIL, GARLIC OIL.',1,356313);
INSERT INTO public.food (food_id,food_title,food_description,food_ingredients,food_type_id,fdc_id) VALUES (13,'YELLOW BUT-R-CREME ICING',NULL,'POWDERED SUGAR, PALM OIL, HIGH OLEIC SUNFLOWER AND/OR CANOLA OIL, WATER, HYDROGENATED COTTONSEED OIL, CORN SYRUP, CONTAINS 2% OR LESS OF: ARTIFICIAL FLAVOR, CITRIC ACID, GLYCERIN, GUAR GUM, HIGH FRUCTOSE CORN SYRUP, MONO AND DIGLYCERIDES. POTASSIUM SORBATE AND SORBIC ACID (PRESERVATIVES), SALT, SUGAR, TITANIUM DIOXIDE (COLOR), YELLOW 5, YELLOW 6.',1,439851);
INSERT INTO public.food (food_id,food_title,food_description,food_ingredients,food_type_id,fdc_id) VALUES (14,'LIPTON, LUSCIOUS HERBAL TEA, PEACH MANGO FLAVOR WITH OTHER NATURAL FLAVOR',NULL,'ROSEHIPS, MALTODEXTRIN (CORN, TAPIOCA), HIBISCUS FLOWERS, CHAMOMILE FLOWERS, ORANGE LEAVES, LICORICE ROOT, SWEET BLACKBERRY LEAVES, LEMON GRASS, NATURAL FLAVOR, ROASTED CHICORY ROOT, SOY LECITHIN.',1,389145);
INSERT INTO public.food (food_id,food_title,food_description,food_ingredients,food_type_id,fdc_id) VALUES (15,'CRUSHED RED PEPPER',NULL,'RED PEPPER.',1,737288);
INSERT INTO public.food (food_id,food_title,food_description,food_ingredients,food_type_id,fdc_id) VALUES (16,'14/16OZ BRAZ LOBSTER TAIL',NULL,'Lobster, sodium bisulfite (preservative)',1,351158);
INSERT INTO public.food (food_id,food_title,food_description,food_ingredients,food_type_id,fdc_id) VALUES (17,'BUTTERMILK WAFFLES',NULL,'ENRICHED FLOUR [WHEAT FLOUR, MALTED BARLEY FLOUR, NIACIN, IRON, THIAMIN MONONITRATE, RIBOFLAVIN, FOLIC ACID], WATER, BUTTERMILK, SOYBEAN OIL, LEAVENING [SODIUM ACID PYROPHOSPHATE, SODIUM BICARBONATE, MONOCALCIUM PHOSPHATE], WHOLE EGGS, WHEY SOLIDS, SUGAR, SOY LECITHIN, SALT, CALCIUM CARBONATE, DICALCIUM PHOSPHATE, REDUCED IRON, NIACIN, VITAMIN A PALMITATE, PYRIDOXINE HYDROCHLORIDE, RIBOFLAVIN, THIAMINE MONONITRATE, CYANOCOBALAMIN.',1,471050);
INSERT INTO public.food (food_id,food_title,food_description,food_ingredients,food_type_id,fdc_id) VALUES (18,'Progresso Vegetable Classics Hearty Tomato Soup',NULL,'TOMATO PUREE (WATER, TOMATO PASTE), WATER, TOMATOES. CONTAINS LESS THAN 2% OF: CORN SYRUP SOLIDS, SUGAR, CORN STARCH, SALT, MODIFIED FOOD STARCH, OLIVE OIL, CORN PROTEIN (HYDROLYZED), POTASSIUM CHLORIDE, TOMATO EXTRACT, DRIED PARSLEY, MALTODEXTRIN, GARLIC POWDER, SPICE, CALCIUM CHLORIDE, NATURAL FLAVOR, CITRIC ACID, ASCORBIC ACID, ONION POWDER, TURMERIC EXTRACT (COLOR).',1,609552);
INSERT INTO public.food (food_id,food_title,food_description,food_ingredients,food_type_id,fdc_id) VALUES (19,'BROCCOLI SPEARS',NULL,'BROCCOLI, WATER, SALT, BAKING SODA.',1,997169);
INSERT INTO public.food (food_id,food_title,food_description,food_ingredients,food_type_id,fdc_id) VALUES (20,'MARGARINE 80% VEGETABLE OIL',NULL,'VEGETABLE OIL BLEND (LIQUID SOYBEAN OIL, PALM OIL, PALM KERNEL OIL), WATER, CONTAINS LESS THAN 2% OF SALT, NATURAL & ARTIFICIAL FLAVORS (INCLUDES MILK), WHEY, SOY LECITHIN, VEGETABLE MONO & DIGLYCERIDES POTASSIUM SORBATE (A PRESERVATIVE), CITRIC ACID, VITAMIN A PALMITATE ADDED, BETA CAROTENE (COLOR).',1,637846);
INSERT INTO public.food (food_id,food_title,food_description,food_ingredients,food_type_id,fdc_id) VALUES (21,'SWEET CHILI SEAFOOD SALAD WITH LIME-INFUSED SWEET CHILI DRESSING, SWEET CHILI',NULL,'SEAFOOD BLEND (FISH PROTEIN [POLLOCK, PACIFIC WHITING], WATER, WHEAT STARCH, RICE WINE [WATER, SUGAR, ALCOHOL, RICE, SALT], SUGAR, EGG WHITES, NATURAL FLAVORS (INCLUDING CRAB, SHRIMP), LOBSTER MEAT, SALT, MODIFIED TAPIOCA STARCH, POTATO STARCH, SORBITOL, POTASSIUM CHLORIDE, ISOLATED SOY PROTEIN, CALCIUM CARBONATE, CARRAGEENAN, HYDROLYZED CORN PROTEIN, HYDROLYZED SOY PROTEIN, HYDROLYZED WHEAT PROTEIN, RICE SYRUP, SODIUM TRIPOLYPHOSPHATE, TETRASODIUM PYROPHOSPHATE, TOMATO LYCOPENE EXTRACT, COLOR ADDED), MAYONNAISE (SOYBEAN OIL, EGG YOLK, WATER, DISTILLED VINEGAR, SUGAR, SALT, MUSTARD FLOUR), SWEET CHILI SAUCE (SUGAR, WATER, RED CHILI PEPPER, VINEGAR, GARLIC, SALT, XANTHAN GUM), SOUR CREAM (CULTURED MILK, CULTURED CREAM, NONFAT DRY MILK, MODIFIED FOOD STARCH, SODIUM PHOSPHATE, GUAR GUM, CARRAGEENAN, LOCUST BEAN GUM, POTASSIUM SORBATE [PRESERVATIVE], ENZYMES), GREEN ONION, LIME JUICE CONCENTRATE, POTASSIUM SORBATE AND SODIUM BENZOATE [PRESERVATIVES].',1,886272);
INSERT INTO public.food (food_id,food_title,food_description,food_ingredients,food_type_id,fdc_id) VALUES (22,'PLAIN GREEK NONFAT YOGURT',NULL,'CULTURED PASTEURIZED GRADE A NONFAT MILK.',1,459329);
INSERT INTO public.food (food_id,food_title,food_description,food_ingredients,food_type_id,fdc_id) VALUES (23,'BAR-B-Q SAUCE',NULL,'TOMATO KETCHUP (RED RIPE TOMATOES, DISTILLED VINEGAR, HIGH FRUCTOSE CORN SYRUP, CORN SYRUP, SALT, ONION POWDER, SPICE, NATURAL FLAVORING), SUGAR, DISTILLED VINEGAR (DILUTED WITH WATER), SPICES (CONTAINS MUSTARD FLOUR), WORCESTERSHIRE SAUCE (DISTILLED VINEGAR, MOLASSES, CORN SYRUP, WATER, SALT, CARAMEL COLOR, GARLIC POWDER, SUGAR, SPICES, TAMARIND, NATURAL FLAVOR), LIQUID HICKORY SMOKE, SALT, MOLASSES.',1,458996);
INSERT INTO public.food (food_id,food_title,food_description,food_ingredients,food_type_id,fdc_id) VALUES (24,'SRIRACHA PEANUTS',NULL,'PEANUTS (PEANUTS, PEANUT AND/OR SUNFLOWER OIL). SRIRACHA SEASONING (VINEGAR POWDER [MALTODEXTRIN, WHITE DISTILLED VINEGAR, MODIFIED CORN STARCH], SALT, SUGAR, HOT SAUCE POWDER [RED PEPPER, DISTILLED VINEGAR AND SALT], SPICES, GARLIC POWDER, MALTODEXTRIN, SPICE EXTRACTIVES INCLUDING PAPRIKA, LESS THAN 2% SILICON DIOXIDE ADDED TO PREVENT CAKING).',1,551388);
INSERT INTO public.food (food_id,food_title,food_description,food_ingredients,food_type_id,fdc_id) VALUES (25,'CHEESE SPREAD',NULL,'PASTEURIZED MILK AND CREAM, WATER, REDUCED LACTOSE WHEY, HORSERADISH, SOYBEAN AND/OR CANOLA OIL, REDUCED PROTEIN WHEY, CORN SYRUP SOLIDS, SKIM MILK, MILK PROTEIN CONCENTRATE, CONTAINS 2% OR LESS OF VINEGAR, EGG YOLKS, CHEESE CULTURE, SALT, LACTIC ACID, MODIFIED CORN STARCH, XANTHAN GUM, LOCUST BEAN GUM, GUAR GUM, SORBIC ACID AND SODIUM BENZOATE (TO PROTECT FLAVOR), DEXTROSE, ONION AND GARLIC POWDER, CITRIC ACID, NATURAL FLAVOR, ENZYMES, SPICES, PAPRIKA EXTRACT.',1,398273);
INSERT INTO public.food (food_id,food_title,food_description,food_ingredients,food_type_id,fdc_id) VALUES (26,'NABISCO NUTTER BUTTER SANDWICH COOKIES 1X16 OZ',NULL,'INGREDIENTS: UNBLEACHED ENRICHED FLOUR (WHEAT FLOUR, NIACIN, REDUCED IRON, THIAMINE MONONITRATE {VITAMIN B1}, RIBOFLAVIN {VITAMIN B2}, FOLIC ACID), SUGAR, PEANUT BUTTER (PEANUTS, CORN SYRUP SOLIDS, HYDROGENATED RAPESEED AND/OR COTTONSEED AND/OR SOYBEAN OILS, SALT, PEANUT OIL), CANOLA OIL, WHOLE GRAIN WHEAT FLOUR, PALM OIL, HIGH FRUCTOSE CORN SYRUP, SALT, LEAVENING (BAKING SODA AND/OR CALCIUM PHOSPHATE), CORNSTARCH, SOY LECITHIN, ARTIFICIAL FLAVOR.',1,353608);
INSERT INTO public.food (food_id,food_title,food_description,food_ingredients,food_type_id,fdc_id) VALUES (27,'RAW MILD CHEDDAR CHEESE, RAW MILD CHEDDAR',NULL,'ORGANIC CULTURED UNPASTEURIZED MILK, SALT, VEGETARIAN ENZYMES',1,825000);
INSERT INTO public.food (food_id,food_title,food_description,food_ingredients,food_type_id,fdc_id) VALUES (28,'Beverages, orange and apricot juice drink, canned',NULL,NULL,2,173223);
INSERT INTO public.food (food_id,food_title,food_description,food_ingredients,food_type_id,fdc_id) VALUES (29,'MUSTARD POTATO SALAD',NULL,'POTATOES, MAYONNAISE (SOYBEAN OIL, WATER, EGG YOLKS, VINEGAR, HIGH FRUCTOSE CORN SYRUP, SALT, CALCIUM DISODIUM EDTA [PRESERVATIVE]), MUSTARD (WATER, VINEGAR, MUSTARD SEED, SALT, SUGAR, SOYBEAN OIL, TURMERIC AND PAPRIKA ANNATTO, GARLIC, SPICES, XANTHAN GUM, CALCIUM DISODIUM EDTA [PRESERVATIVE], NATURAL FLAVOR, CITRIC ACID), DILL PICKLE (CUCUMBERS, DISTILLED VINEGAR, SLAT, CONTAINS LESS THAN 2% OF: XANTHAN GUM, SODIUM BENZOATE [PRESERVATIVE], ALUM, CALCIUM CHLORIDE, NATURAL FLAVORING, TURMERIC, POLYSORBATE 80), WATER, HIGH FRUCTOSE CORN SYRUP, CELERY, LESS THAN 2% OF: SALT, VINEGAR, ONION, RED BELL PEPPER, MODIFIED CORN STARCH, POTASSIUM SORBATE AND SODIUM BENZOATE (PRESERVATIVE), SUGAR, ANNATTO COLOR (SOYBEAN OIL, ANNATTO EXTRACT, MONO-AND DIGLYCERIDES), XANTHAN GUM.',1,457896);
INSERT INTO public.food (food_id,food_title,food_description,food_ingredients,food_type_id,fdc_id) VALUES (30,'Potato salad with egg, made with mayonnaise-type salad dressing',NULL,NULL,3,787135);
INSERT INTO public.food (food_id,food_title,food_description,food_ingredients,food_type_id,fdc_id) VALUES (31,'Bacon soup, cream of, prepared with water',NULL,NULL,3,783825);
INSERT INTO public.food (food_id,food_title,food_description,food_ingredients,food_type_id,fdc_id) VALUES (32,'RALEY''S, PUMPKIN SEEDS',NULL,'PUMPKIN SEED KERNEL.',1,419510);
INSERT INTO public.food (food_id,food_title,food_description,food_ingredients,food_type_id,fdc_id) VALUES (33,'DOUBLE CHOCOLATE MINI DONUTS, DOUBLE CHOCOLATE',NULL,'ORGANIC WHEAT FLOUR, ORGANIC REFINED COCONUT OIL, ORGANIC INULIN POWDER, WATER, ORGANIC TAPIOCA SYRUP, ORGANIC CANE SUGAR, ORGANIC COCOA (PROCESSED WITH ALKALI), ORGANIC TAPIOCA STARCH, ORGANIC DEXTROSE, ORGANIC EGG WHITES, ORGANIC EGG YOLKS, ORGANIC CORN STARCH, CONTAINS LESS THAN TWO PERCENT OF EACH OF THE FOLLOWING: ORGANIC VEGETABLE GLYCERIN, ORGANIC TAPIOCA FIBER, LEAVENING (SODIUM ACID PYROPHOSPHATE, SODIUM BICARBONATE, MONOCALCIUM PHOSPHATE), ORGANIC NONFAT DRY MILK, SEA SALT, ORGANIC GUM ACACIA, XANTHAN GUM, ORGANIC VANILLA EXTRACTIVES, CITRIC ACID, ORGANIC CHOCOLATE CONCENTRATE, ORGANIC DISTILLED VINEGAR, ORGANIC STEVIA EXTRACT.',1,741920);
INSERT INTO public.food (food_id,food_title,food_description,food_ingredients,food_type_id,fdc_id) VALUES (34,'Nature Valley Sweet & Salty Nut Chocolate Pretzel Nut Granola Bar',NULL,'WHOLE GRAIN OATS, CORN SYRUP, SUGAR, WHOLE GRAIN WHEAT FLOUR, ALMONDS, VEGETABLE OILS (PALM KERNEL, CANOLA AND/OR SOYBEAN), RICE FLOUR, FRUCTOSE, TAPIOCA SYRUP, VEGETABLE GLYCERIN, COCOA, SALT, SOY LECITHIN, CORN STARCH, BARLEY MALT EXTRACT, MILK, BAKING SODA, YEAST, NATURAL FLAVOR, MIXED TOCOPHEROLS ADDED TO RETAIN FRESHNESS.',1,757328);
INSERT INTO public.food (food_id,food_title,food_description,food_ingredients,food_type_id,fdc_id) VALUES (35,'TOASTED CORN FLAKES CEREAL',NULL,'MILLED CORN, SUGAR, SALT, MALTED BARLEY SYRUP. VITAMINS AND MINERALS: REDUCED IRON, SODIUM ASCORBATE (VITAMIN C), NIACINAMIDE, PYRIDOXINE HYDROCHLORIDE (VITAMIN B6), RIBOFLAVIN (VITAMIN B2), THIAMIN MONONITRATE (VITAMIN B1), VITAMIN A PALMITATE, FOLIC ACID, VITAMIN B12, VITAMIN D.',1,362255);
INSERT INTO public.food (food_id,food_title,food_description,food_ingredients,food_type_id,fdc_id) VALUES (36,'15 HOT LEI JUICE',NULL,'PINEAPPLE, ALKALINE WATER, LEMON, HONEY, CAYENNE',1,523241);
INSERT INTO public.food (food_id,food_title,food_description,food_ingredients,food_type_id,fdc_id) VALUES (37,'SHIMMER CHOCOLATY CANDY',NULL,'SUGAR, DEXTROSE, HYDROGENATED PALM KERNEL OIL, REDUCED PROTEIN WHEY (MILK), COCOA, CORN SYRUP, LECITHIN (SOY), NATURAL AND ARTIFICIAL FLAVORS, TAPIOCA DEXTRIN, CARNAUBA WAX, SALT, HPMC, BEES WAX, MICA BASED PEARLESCENT PIGMENT, COLORS (RED 3, TITANIUM DIOXIDE).',1,435020);
INSERT INTO public.food (food_id,food_title,food_description,food_ingredients,food_type_id,fdc_id) VALUES (38,'LEMONADE',NULL,'FILTERED WATER, ORGANIC SUGAR, ORGANIC LEMON JUICE, RASPBERRY JUICE PUREE, NATURAL FLAVOR.',1,567754);
INSERT INTO public.food (food_id,food_title,food_description,food_ingredients,food_type_id,fdc_id) VALUES (39,'GOLDEN KRUST, JAMAICAN STYLE JERK SAUCE',NULL,'WATER, SUGAR, TOMATO PASTE, STARCH, SALT, GLUCOSE, ONION, ACETIC ACID, MOLASSES, LACTIC ACID, SCALLIONS, LIME JUICE, GINGER, CARAMEL COLOR, XANTHAN GUM, GLUTAMATE, HOT PEPPER, SOY PROTEIN, GARLIC, CITRIC ACID, SODIUM BENZOATE, ALLSPICE, BLACK PEPPER, THYME, NUTMEG, CLOVES, CINNAMON, ASPARTAME AND ACESULFAME K.',1,500812);
INSERT INTO public.food (food_id,food_title,food_description,food_ingredients,food_type_id,fdc_id) VALUES (40,'PUMPKIN QUINOA GRANOLA',NULL,'WHOLE GRAIN OATS, OLIVE OIL, MAPLE SYRUP, PUMPKIN SEEDS, QUINOA, SUNFLOWER SEEDS, BROWN SUGAR, VANILLA, SALT.',1,799935);
INSERT INTO public.food (food_id,food_title,food_description,food_ingredients,food_type_id,fdc_id) VALUES (41,'A. 1., CHICAGO STEAKHOUSE, MARINADE, MARINADE',NULL,'TOMATO PURE (WATER, TOMATO PASTE), VINEGAR, HIGH FRUCTOSE CORN SYRUP, SOYBEAN OIL, SALT, RED BELL PEPPERS, CONTAINS LESS THAN 2% OF SPICE, LEMON JUICE CONCENTRATE, GARLIC*, RED BELL PEPPERS*, MODIFIED FOOD STARCH, ONIONS&*, PAPRIKA, XANTHAN GUM, POTASSIUM SORBATE AND CALCIUM DISODIUM EDTA TO PRESERVE FRESHNESS, NATURAL FLAVOR',1,961667);
INSERT INTO public.food (food_id,food_title,food_description,food_ingredients,food_type_id,fdc_id) VALUES (42,'BLINTZES',NULL,'FILLING: COOKED POTATOES, MUSHROOMS, WATER, YOGURT (CULTURED GRADE A NON FAT MILK), CANOLA OIL, SALT. WRAPPER: WHEAT FLOUR (NIACIN, REDUCED IRON, THIAMIN MONONITRATE, RIBOFLAVIN, FOLIC ACID), WATER, YOGURT (CULTURED GRADE A NON FAT MILK), EGGS, SUGAR, SALT.',1,464162);
INSERT INTO public.food (food_id,food_title,food_description,food_ingredients,food_type_id,fdc_id) VALUES (43,'ORIGINAL REAL EGG PRODUCT, ORIGINAL',NULL,'EGG WHITES, LESS THAN 1% OF: XANTHAN GUM, GUAR GUM, COLOR (INCLUDES BETA CAROTENE). VITAMINS AND MINERALS: CALCIUM (SULFATE), IRON (FERRIC ORTHOPHOSPHATE), VITAMIN E (ALPHA TOCOPHEROL ACETATE), ZINC (SULFATE), CALCIUM PANTOTHENATE, VITAMIN B2 (RIBOFLAVIN), VITAMIN A PALMITATE, VITAMIN B1 (THIAMINE MONONITRATE), VITAMIN B6 (PYRIDOXINE HYDROCHLORIDE), VITAMIN B12, FOLIC ACID, BIOTIN, VITAMIN D3.',1,867250);
INSERT INTO public.food (food_id,food_title,food_description,food_ingredients,food_type_id,fdc_id) VALUES (44,'Asparagus, canned, regular pack, solids and liquids',NULL,NULL,2,169206);
INSERT INTO public.food (food_id,food_title,food_description,food_ingredients,food_type_id,fdc_id) VALUES (45,'MILK CHOCOLATE CANDIES, MILK CHOCOLATE',NULL,'MILK CHOCOLATE (SUGAR, CHOCOLATE, SKIM MILK, COCOA BUTTER, LACTOSE, MILKFAT, SOY LECITHIN, SALT, ARTIFICIAL AND NATURAL FLAVORS), SUGAR, CORNSTARCH, LESS THAN 1% - CORN SYRUP, DEXTRIN, COLORING (INCLUDES BLUE 1 LAKE, YELLOW 6, RED 40, YELLOW 5, BLUE 1, YELLOW 6 LAKE, RED 40 LAKE, YELLOW 5 LAKE, BLUE 2 LAKE, BLUE 2), CARNAUBA WAX, GUM ACACIA.',1,857972);
INSERT INTO public.food (food_id,food_title,food_description,food_ingredients,food_type_id,fdc_id) VALUES (46,'CHOPPED TOMATOES',NULL,'CHOPPED TOMATOES, TOMATO JUICE, SALT.',1,520301);
INSERT INTO public.food (food_id,food_title,food_description,food_ingredients,food_type_id,fdc_id) VALUES (47,'SOUR BRITE CRAWLERS, GUMMI CANDY',NULL,'CORN SYRUP, SUGAR, GELATIN, MODIFIED FOOD STARCH (CORN), FUMARIC ACID, LACTIC ACID, CITRIC ACID, NATURAL AND ARTIFICIAL FLAVOR, SODIUM CITRATE, CALCIUM LACTATE, SODIUM LACTATE, TITANIUM DIOXIDE [COLOR], YELLOW 5, RED 40, BLUE 1.',1,426187);
INSERT INTO public.food (food_id,food_title,food_description,food_ingredients,food_type_id,fdc_id) VALUES (48,'CHEDDAR FLAVORED BITES ORGANIC CRACKERS',NULL,'ORGANIC ENRICHED BLEACHED FLOUR (ORGANIC WHEAT FLOUR, NIACIN, REDUCED IRON, THIAMINE MONONITRATE, RIBOFLAVIN, FOLIC ACID), ORGANIC SUNFLOWER OIL, ORGANIC CHEDDAR CHEESE (ORGANIC PASTEURIZED MILK, CULTURES, SEA SALT, ENZYMES), ORGANIC DRIED CANE SYRUP, SEA SALT, AMMONIUM BICARBONATE, SODIUM BICARBONATE, YEAST, CITRIC ACID, MONOCALCIUM PHOSPHATE, ORGANIC ONION POWDER, ENZYMES, NATURAL FLAVOR, ORGANIC COLOR (ANNATTO).',1,533418);
INSERT INTO public.food (food_id,food_title,food_description,food_ingredients,food_type_id,fdc_id) VALUES (49,'2 TO GO BARS',NULL,'SEMISWEET CHOCOLATE (SUGAR, CHOCOLATE PROCESSED WITH ALKALI, CHOCOLATE, COCOA BUTTER, MILKFAT, SOY LECITHIN, ARTIFICIAL AND NATURAL FLAVORS), CORN SYRUP, SUGAR, HYDROGENATED PALM KERNEL OIL AND/OR PALM OIL, SKIM MILK, LESS THAN 2% - MILKFAT, LACTOSE, SALT, EGG WHITES, NATURAL AND ARTIFICIAL FLAVORS, CHOCOLATE.',1,504117);
INSERT INTO public.food (food_id,food_title,food_description,food_ingredients,food_type_id,fdc_id) VALUES (50,'FRUITY BUNCH FLAVOR CHEWY CANDY STRIPS',NULL,'GLUCOSE SYRUP (WHEAT), SUGAR, VEGETABLE OIL (PALM AND COCONUT OIL), GELATINE, CITRIC ACID, FRUIT POWDERS (CHERRY, STRAWBERRY), ASCORBIC ACID, ORANGE JUICE POWDER, NATURAL FLAVOR, COLORS (BEET POWDER, PAPRIKA), NATURAL ORANGE FLAVOR.',1,777220);
INSERT INTO public.food (food_id,food_title,food_description,food_ingredients,food_type_id,fdc_id) VALUES (51,'PREMIUM HAM WITH NATURAL JUICES',NULL,'CURED WITH WATER, CONTAINS 2% OR LESS OF THE FOLLOWING: DEXTROSE, SALT, POTASSIUM LACTATE, SODIUM PHOSPHATE, SODIUM DIACETATE, SODIUM ERYTHORBATE, SODIUM NITRITE, FLAVORING.',1,870798);
INSERT INTO public.food (food_id,food_title,food_description,food_ingredients,food_type_id,fdc_id) VALUES (52,'ORIGINAL PASTA SAUCE',NULL,'TOMATO PUREE (WATER, TOMATO PASTE), DICED TOMATOES IN TOMATO JUICE, SUGAR, VEGETABLE OIL (COTTONSEED AND/OR CANOLA AND/OR SOYBEAN), CONTAINS LESS THAN 1% OF SALT, DEHYDRATED GARLIC, ONION POWDER, SPICES (BASIL, OREGANO, SPICE), CITRIC ACID, DEHYDRATED PARSLEY.',1,591810);
INSERT INTO public.food (food_id,food_title,food_description,food_ingredients,food_type_id,fdc_id) VALUES (53,'ROUNDY''S, KALE CRUNCH',NULL,'KALE, DATES, COCONUT FLAKES, ORGANIC RAISINS, ALMONDS, WALNUTS, PUMPKIN SEEDS, SESAME SEEDS, CINNAMON.',1,426722);
INSERT INTO public.food (food_id,food_title,food_description,food_ingredients,food_type_id,fdc_id) VALUES (54,'FRUIT & ALMONDMILK SMOOTHIE, BLUEBERRY BANANA ALMONDMILK',NULL,'ALMONDMILK (WATER, ALMONDS), BANANA PUREE, BLUEBERRY PUREE, AGAVE, OAT BRAN, (CHICORY) ROOT FIBER, COCONUT WATER CONCENTRATE, LEMON JUICE CONCENTRATE, NATURAL FLAVOR.',1,652804);
INSERT INTO public.food (food_id,food_title,food_description,food_ingredients,food_type_id,fdc_id) VALUES (55,'LIGHT CREAM CHEESE',NULL,'PASTEURIZED MILK AND CREAM, PASTEURIZED SKIM MILK, WHEY, CHEESE CULTURE, SALT, SODIUM ACETATE*, STABILIZERS (CAROB BEAN AND/OR XANTHAN AND/OR GUAR GUMS), MODIFIED FOOD STARCH*, NATURAL FLAVOR*, ENZYMES, VITAMIN A PALMITATE.',1,380764);
INSERT INTO public.food (food_id,food_title,food_description,food_ingredients,food_type_id,fdc_id) VALUES (56,'DICED TOMATOES',NULL,'FIRE ROASTED TOMATOES*, TOMATO JUICE*, JALAPENO PEPPERS*, VINEGAR*, SEA SALT, NATURALLY DERIVED CITRIC ACID AND CALCIUM CHLORIDE.',1,539471);
INSERT INTO public.food (food_id,food_title,food_description,food_ingredients,food_type_id,fdc_id) VALUES (57,'ICE CREAM CANDY BARS',NULL,'LOW FAT ICE CREAM MILK, SKIM MILK, SUGAR, POLYDEXTROSE, FLAVOR BASE (PEANUTS, PEANUT OIL, SALT, MONO & DIGLYCERIDES), MALTODEXTRIN, CELLULOSE GEL, MONO & DIGLYCERIDES, CELLULOSE GUM, CARRAGEENAN, POLYSORBATE 80, NATURAL AND ARTIFICIAL FLAVOR, CARAMEL COLOR, VITAMIN A PALMITATE]. CARAMEL SAUCE CORN SYRUP, HIGH FRUCTOSE CORN SYRUP, SUGAR, BUTTERMILK, SKIM MILK, BUTTER, PECTIN, MONO AND DIGLYCERIDES, SALT, SODIUM BICARBONATE, SODIUM CITRATE, XANTHAN GUM). PEANUT SPLITS (PEANUTS, PEANUT OIL AND/OR COTTONSEED OIL, SALT). CHOCOLATE FLAVORED COATING SUGAR, COCOA BUTTER, SOYBEAN OIL, CHOCOLATE LIQUOR, WHOLE MILK POWDER, INULIN, SOY LECITHIN, ARTIFICIAL FLAVOR)',1,544135);
INSERT INTO public.food (food_id,food_title,food_description,food_ingredients,food_type_id,fdc_id) VALUES (58,'ITALIAN GRAIN MEAT SAUSAGES',NULL,'FILTERED WATER, VITAL WHEAT GLUTEN, EXPELLER PRESSED SAFFLOWER OIL, EGGPLANT, ONIONS, YEAST EXTRACT, KOSHER RED WINE (RED WINE, SALT), GARLIC, BARLEY MALT, ONION POWDER, DRIED RED BELL PEPPER, FENNEL SEED, GRANULATED GARLIC, SEA SALT AND SPICES.',1,824912);
INSERT INTO public.food (food_id,food_title,food_description,food_ingredients,food_type_id,fdc_id) VALUES (59,'PUMPKIN DANISH',NULL,'ENRICHED FLOUR (WHEAT FLOUR, MALTED BARLEY FLOUR, NIACIN, REDUCED IRON, THIAMINE MONONITRATE, RIBOFLAVIN, FOLIC ACID), SUGAR, MARGARINE (PALM OIL, WATER, SOYBEAN OIL, SUGAR, SOY LECITHIN, MONO- AND DIGLYCERIDES, POTASSIUM SORBATE [PRESERVATIVE], CITRIC ACID [PRESERVATIVE], NATURAL AND ARTIFICIAL FLAVOR, BETA-CAROTENE COLOR, VITAMIN A PALMITATE), WHEAT FLOUR, HIGH FRUCTOSE CORN SYRUP, VEGETABLE SHORTENING (PALM OIL, SOYA LECITHIN), DEXTROSE, CONTAINS LESS THAN 2% OF EACH OF THE FOLLOWING: CORN SYRUP, FOOD STARCH-MODIFIED, YEAST, MONO- AND DIGLYCERIDES, WHEY, SALT, EGG YOLKS, DEFATTED SOY FLOUR, CORNSTARCH, DEXTRIN, EGG WHITES, VEGETABLE SHORTENING (PALM OIL, SOYA LECITHIN), SPICES, CALCIUM SULFATE, NATURAL AND ARTIFICIAL FLAVORS, PARTIALLY HYDROGENATED SOYBEAN AND/OR COTTONSEED OILS, CALCIUM CARBONATE, DEGERMINATED YELLOW CORN FLOUR, MALTODEXTRIN, SOYBEAN OIL, BAKING POWDER (SODIUM ACID PYROPHOSPHATE, SODIUM BICARBONATE, CORNSTARCH, MONOCALCIUM PHOSPHATE), BAKING SODA, BLUE 1, YELLOW 5, YELLOW 6, RED 40 (COLOR ADDED), SODIUM STEAROYL LACTYLATE, AMMONIUM SULFATE, DISTILLED MONO- AND DIGLYCERIDES, SORBIC ACID [PRESERVATIVE], POTASSIUM SORBATE [PRESERVATIVE], PROPYLENE GLYCOL, ENZYMES, SHERRY WINE, AGAR-AGAR, TURMERIC OLEORESIN COLOR, CITRIC ACID [PRESERVATIVE], SOY LECITHIN, DISODIUM PHOSPHATE, PAPRIKA OLEORESIN COLOR, LOCUST (CAROB) BEAN GUM, GLYCERYL MONOOLEATE, TOCOPHEROLS [PRESERVATIVE], ASCORBIC ACID [PRESERVATIVE], INVERT SUGAR, POLYSORBATE 60, XANTHAN GUM.',1,443873);
INSERT INTO public.food (food_id,food_title,food_description,food_ingredients,food_type_id,fdc_id) VALUES (60,'BABY LEAF COLLARD GREENS',NULL,'VATES BABY LEAF COLLARD GREENS.',1,491999);
INSERT INTO public.food (food_id,food_title,food_description,food_ingredients,food_type_id,fdc_id) VALUES (61,'SNACK CRACKERS',NULL,'ENRICHED FLOUR (WHEAT FLOUR, NIACIN, IRON, THIAMIN MONONITRATE, RIBOFLAVIN, FOLIC ACID), CANOLA AND/OR SOYBEAN AND/OR PALM OIL WITH TBHQ FOR FRESHNESS, SUGAR, DEHYDRATED VEGETABLE BLEND (CARROT, ONION, CABBAGE, TOMATO, PARSLEY, RED AND GREEN BELL PEPPERS). CONTAINS 2% OR LESS OF: SALT, HIGH FRUCTOSE CORN SYRUP, LEAVENING (BAKING SODA AND/OR CALCIUM PHOSPHATE), SOY LECITHIN, SODIUM SULFITE, ONION POWDER, GARLIC POWDER.',1,472948);
INSERT INTO public.food (food_id,food_title,food_description,food_ingredients,food_type_id,fdc_id) VALUES (62,'CREAM CHEESE',NULL,'ORGANIC PASTEURIZED MILK AND CREAM, CHEESE CULTURE, SALT, ORGANIC CAROB BEAN GUM.',1,572253);
INSERT INTO public.food (food_id,food_title,food_description,food_ingredients,food_type_id,fdc_id) VALUES (63,'CREAMY PEANUT BUTTER',NULL,'ROASTED PEANUTS, SUGAR, CONTAINS LESS THAN 2% OF FULLY HYDROGENATED VEGETABLE OIL(RAPESEED, COTTONSEED AND SOYBEAN), SALT, MOLASSES. ',1,358703);
INSERT INTO public.food (food_id,food_title,food_description,food_ingredients,food_type_id,fdc_id) VALUES (64,'MEAL BAR, CARAMEL PEANUT',NULL,'SOY PROTEIN ISOLATE, SUGAR, VEGETABLE OIL (PARTIALLY HYDROGENATED PALM KERNEL OIL, SOYBEAN AND PALM OIL WITH TBHQ FOR FRESHNESS), PEANUTS, WHOLE GRAIN OATS, CORN SYRUP, INULIN FROM CHICORY ROOT, FRUCTOSE, RICE, CHICORY ROOT FIBER, DEXTROSE, POLYDEXTROSE, SWEETENED CONDENSED MILK (MILK, SUGAR), COCOA PROCESSED WITH ALKALI, CONTAINS 2% OR LESS OF WHEY, GLYCERIN, CALCIUM CARBONATE, WHEAT GLUTEN, SORBITOL, MOLASSES, SALT, SOY LECITHIN, NONFAT MILK, DEFATTED WHEAT GERM, SORBITAN MONOSTEARATE, NATURAL AND ARTIFICIAL FLAVOR, VITAMIN C (ASCORBIC ACID), POLYSORBATE 60, MALT FLAVOR, SODIUM PHOSPHATE, POLYSORBATE 80, VITAMIN E (D-ALPHA TOCOPHEROL), NIACINAMIDE, CALCIUM CASEINATE, ZINC OXIDE, REDUCED IRON, BHT FOR FRESHNESS, VITAMIN B6, (PYRIDOXINE HYDROCHLORIDE), VITAMIN A PALMITATE, VITAMIN B1 (THIAMIN HYDROCHLORIDE), VITAMIN B2 (RIBOFLAVIN), ALMOND FLOUR, FOLIC ACID, VITAMIN B12, VITAMIN D.',1,662610);
INSERT INTO public.food (food_id,food_title,food_description,food_ingredients,food_type_id,fdc_id) VALUES (115,'CRYSTAL LIGHT, DRINK MIX, MARGARITA, MARGARITA',NULL,'CITRIC ACID, MALTODEXTRIN, SALT, ASPARTAME*, CONTAINS LESS THAN 2% OF NATURAL FLAVOR, ACESULFAME POTASSIUM, MAGNESIUM OXIDE, ARTIFICIAL COLOR, YELLOW 5, BLUE 1.',1,953249);
INSERT INTO public.food (food_id,food_title,food_description,food_ingredients,food_type_id,fdc_id) VALUES (65,'Kellogg''s Pop-Tarts Root Beer 3.53oz',NULL,'ENRICHED FLOUR (WHEAT FLOUR, NIACIN, REDUCED IRON, VITAMIN B1 [THIAMIN MONONITRATE], VITAMIN B2 [RIBOFLAVIN], FOLIC ACID), CORN SYRUP, HIGH FRUCTOSE CORN SYRUP, DEXTROSE, SOYBEAN AND PALM OIL (WITH TBHQ FOR FRESHNESS), SUGAR, CONTAINS TWO PERCENT OR LESS OF BLEACHED WHEAT FLOUR, WHEAT STARCH, DRIED APPLES, CARAMEL COLOR, SALT, LEAVENING (BAKING SODA, SODIUM ACID PYROPHOSPHATE, MONOCALCIUM PHOSPHATE), GELATIN, NATURAL AND ARTIFICIAL FLAVOR, MALTODEXTRIN, XANTHAN GUM, PECTIN, SOY LECITHIN, VITAMIN A PALMITATE, NIACINAMIDE, REDUCED IRON, VITAMIN B6 (PYRIDOXINE HYDROCHLORIDE), RED 40 LAKE, YELLOW 6 LAKE, VITAMIN B2 (RIBOFLAVIN), VITAMIN B1 (THIAMIN HYDROCHLORIDE), YELLOW 5 LAKE.',1,750882);
INSERT INTO public.food (food_id,food_title,food_description,food_ingredients,food_type_id,fdc_id) VALUES (66,'Beef, ribeye cap steak, boneless, separable lean only, trimmed to 0" fat, choice, cooked, grilled',NULL,NULL,2,173055);
INSERT INTO public.food (food_id,food_title,food_description,food_ingredients,food_type_id,fdc_id) VALUES (67,'MILD CHUNKY SALSA, MILD',NULL,'TOMATO PUREE (WATER AND TOMATO PASTE), DICED TOMATOES IN TOMATO JUICE, JALAPENO PEPPERS, ONIONS, DISTILLED VINEGAR, SALT, NATURAL FLAVOR, GARLIC POWDER.',1,684536);
INSERT INTO public.food (food_id,food_title,food_description,food_ingredients,food_type_id,fdc_id) VALUES (69,'DRY-CURED PORK SHOULDER BUTT',NULL,'PORK SHOULDER BUTT, SEA SALT, DEXTROSE, SPICES, AND SODIUM NITRITE.',1,451768);
INSERT INTO public.food (food_id,food_title,food_description,food_ingredients,food_type_id,fdc_id) VALUES (70,'Fish, tuna, white, canned in water, drained solids',NULL,NULL,2,175158);
INSERT INTO public.food (food_id,food_title,food_description,food_ingredients,food_type_id,fdc_id) VALUES (71,'BONELESS PORK CENTER CUT CHOPS',NULL,'PORK, *SOLUTION INGREDIENTS: WATER, POTASSIUM LACTATE, SODIUM PHOSPHATES, SALT, SODIUM DIACETATE.',1,474372);
INSERT INTO public.food (food_id,food_title,food_description,food_ingredients,food_type_id,fdc_id) VALUES (72,'NO SALT ADDED 100% VEGETABLE JUICE FROM CONCENTRATE WITH ADDED INGREDIENTS, VEGETABLE',NULL,'RECONSTITUTED VEGETABLE JUICE BLEND (WATER AND CONCENTRATED JUICES OF: TOMATOES, CARROTS, CELERY, BEETS, PARSLEY, LETTUCE, WATERCRESS, AND SPINACH), CONTAINS LESS THAN 2% OF EACH: VITAMIN C (ASCORBIC ACID), NATURAL FLAVORING, CITRIC ACID.',1,899152);
INSERT INTO public.food (food_id,food_title,food_description,food_ingredients,food_type_id,fdc_id) VALUES (73,'ORANGE ELECTROLYTE DRINK ENHANCER',NULL,'WATER, CITRIC ACID, PROPYLENE GLYCOL, SALT, MONOPOTASSIUM PHOSPHATE, LESS THAN 2% OF: NATURAL FLAVOR, NIACINAMIDE (VITAMIN B3), PYRIDOXINE HYDROCHLORIDE (VITAMIN B6), CYANOCOBALAMIN (VITAMIN B12), SUCRALOSE AND ACESULFAME POTASSIUM (SWEETENERS), MAGNESIUM OXIDE, CALCIUM LACTATE PENTAHYDRATE, POTASSIUM SORBATE (PRESERVATIVE), YELLOW #6.',1,799909);
INSERT INTO public.food (food_id,food_title,food_description,food_ingredients,food_type_id,fdc_id) VALUES (74,'Smartfood White Cheddar Cheese Popcorn 5 Ounce Plastic Bag',NULL,'Ingredients: Popcorn, Vegetable Oil (Corn, Canola, and/or Sunflower Oil), Cheddar Cheese (Milk, Cheese Cultures, Salt, Enzymes), Whey, Buttermilk, and Salt. CONTAINS MILK INGREDIENTS.',1,351473);
INSERT INTO public.food (food_id,food_title,food_description,food_ingredients,food_type_id,fdc_id) VALUES (75,'HAND DECORATED SUGAR COOKIE, SUGAR',NULL,'WHEAT FLOUR, SUGAR, BUTTER, WATER, MERINGUE MAKING POWDER (EGG WHITES, SUGAR, CORN STARCH, XANTHAN GUM, SOY LECITHIN, LOCUST BEAN GUM, SODIUM ALUMINUM SULFATE, SALT, GELATIN, TARTARIC ACID, CREAM OF TARTAR, MILK), SALT, RED 3, RED 40, BLUE 1, BLUE 2, YELLOW 5, YELLOW 6, GUAR GUM, POTASSIUM SORBATE (PRESERVATIVE).',1,933926);
INSERT INTO public.food (food_id,food_title,food_description,food_ingredients,food_type_id,fdc_id) VALUES (76,'BUSH''S Pinto Chili Beans in a Mild Chili Sauce  27 oz',NULL,'Prepared Pinto Beans, Water, Contains Less than 2% of: Salt, Modified Corn Starch, Tomato Paste, Spices, Corn Oil, Sugar, Garlic Powder, Onion Powder, Extractive of Paprika.',1,608600);
INSERT INTO public.food (food_id,food_title,food_description,food_ingredients,food_type_id,fdc_id) VALUES (77,'ROASTED & SALTED VIRGINIA PEANUTS',NULL,'VIRGINIA PEANUTS, SALT. SAFFLOWER AND/OR SUNFLOWER OIL.',1,422207);
INSERT INTO public.food (food_id,food_title,food_description,food_ingredients,food_type_id,fdc_id) VALUES (78,'TURKEY WINGS',NULL,'WATER, POTASSIUM LACTATE, DEXTROSE, SALT, SODIUM DIACETATE, FLAVORING.',1,910418);
INSERT INTO public.food (food_id,food_title,food_description,food_ingredients,food_type_id,fdc_id) VALUES (79,'LIQUOR FILLED CHOCOLATES',NULL,'SUGAR, HIGH FRUCTOSE CORN SYRUP, COCOA LIQUOR, COCOA BUTTER, ALCOHOL, LECITHIN (AN EMULSIFIER), XANTHAN GUM, VANILLIN (AN ARTIFICIAL FLAVORING).',1,422354);
INSERT INTO public.food (food_id,food_title,food_description,food_ingredients,food_type_id,fdc_id) VALUES (80,'SPARKLING WATER',NULL,'CARBONATED WATER, CITRIC ACID, POTASSIUM CITRATE, NATURAL FLAVOR, ASPARTAME, POTASSIUM BENZOATE (PRESERVATIVE), ACESULFAME POTASSIUM, MALIC ACID.',1,415806);
INSERT INTO public.food (food_id,food_title,food_description,food_ingredients,food_type_id,fdc_id) VALUES (81,'HONEY SMOKED HAM',NULL,'HAM, WATER, HONEY, SUGAR, SALT, SODIUM PHOSPHATE, DEXTROSE, SODIUM ERYTHORBATE, SODIUM NITRITE.',1,534122);
INSERT INTO public.food (food_id,food_title,food_description,food_ingredients,food_type_id,fdc_id) VALUES (82,'ORGANIC BAKED GRAHAM SNACKS, HONEY',NULL,'ORGANIC WHEAT FLOUR, ORGANIC CANE SUGAR, ORGANIC EXPELLER-PRESSED SUNFLOWER OIL, ORGANIC WHOLE WHEAT FLOUR (GRAHAM FLOUR), ORGANIC CORN FLOUR, ORGANIC HONEY, CALCIUM CARBONATE, BAKING SODA, SEA SALT, NATURAL FLAVOR, MIXED TOCOPHEROLS (VITAMIN E) TO PROTECT FLAVOR.',1,996605);
INSERT INTO public.food (food_id,food_title,food_description,food_ingredients,food_type_id,fdc_id) VALUES (83,'Vitasoy USA, Vitasoy Light Vanilla Soymilk',NULL,NULL,2,175214);
INSERT INTO public.food (food_id,food_title,food_description,food_ingredients,food_type_id,fdc_id) VALUES (84,'SUPERFOOD CEREAL, ACAI BLUEBERRY',NULL,'ORGANIC BUCKWHEAT SPROUTS, ORGANIC COCONUT, ORGANIC CURRANTS, ORGANIC COCONUT PALM SUGAR, ORGANIC BANANA, ORGANIC CLEAR AGAVE NECTAR, RAW BROWN RICE BRAN & GERM (GRAIN FREE), SUPERFOOD ANTIOXIDANT BLEND (BLUEBERRY JUICE, ORGANIC FREEZE DRIED ACAI, ORGANIC FREEZE DRIED MAQUI BERRY, ORGANIC ELDERBERRIES, AMLA BERRY EXTRACT, CAMU CAMU FRUIT EXTRACT) AND HIMALAYAN CRYSTAL SALT.',1,370159);
INSERT INTO public.food (food_id,food_title,food_description,food_ingredients,food_type_id,fdc_id) VALUES (85,'GATORADE  ORANGE   24Z',NULL,'Water, Sucrose, Dextrose, Citric Acid, Sodium Citrate, Monopotassium Phosphate, Natural and Artificial Flavor, Salt, Calcium Lactate, Gum Arabic, Yellow 6, Glycerol Ester of Rosin, Magnesium Oxide, Brominated Vegetable Oil.',1,353738);
INSERT INTO public.food (food_id,food_title,food_description,food_ingredients,food_type_id,fdc_id) VALUES (87,'BASSETTS CLASSICS CANDY',NULL,'Ingredients: Glucose syrup, sugar, palm oil, dried skimmed MILK, molasses, flavourings, salt, colour (vegetable carbon).',1,769498);
INSERT INTO public.food (food_id,food_title,food_description,food_ingredients,food_type_id,fdc_id) VALUES (88,'MENU FLAVORS THAI CURRY RICE',NULL,'ENRICHED PARBOILED LONG GRAIN RICE [RICE, NIACIN, FERRIC ORTHOPHOSPHATE (IRON), THIAMIN MONONITRATE (VITAMIN B1), FOLIC ACID], ENRICHED VERMICELLI [WHEAT AND DURUM FLOUR, NIACIN, FERROUS SULFATE (IRON), THIAMIN MONONITRATE (VITAMIN B1), RIBOFLAVIN (VITAMIN B2), FOLIC ACID], SUGAR, HYDROLYZED SOY PROTEIN, VEGETABLES* (LEEKS, ONIONS, RED BELL PEPPERS), SESAME OIL*, ONION POWDER, CORN SYRUP*, SPICES, MALTODEXTRIN (CORN), COCONUT SOLIDS, SALT, TURMERIC (FOR COLOR), SOY SAUCE* (FERMENTED SOYBEANS, WHEAT, SALT), DISODIUM GUANYLATE, DISODIUM INOSINATE, GARLIC POWDER, HIGH OLEIC SUNFLOWER OIL.',1,394732);
INSERT INTO public.food (food_id,food_title,food_description,food_ingredients,food_type_id,fdc_id) VALUES (89,'CLOVER HONEY',NULL,'HONEY.',1,574274);
INSERT INTO public.food (food_id,food_title,food_description,food_ingredients,food_type_id,fdc_id) VALUES (90,'A WATER EXTRACT OF DRIED PRUNES',NULL,'PRUNE JUICE.',1,797487);
INSERT INTO public.food (food_id,food_title,food_description,food_ingredients,food_type_id,fdc_id) VALUES (91,'PIZZETI',NULL,'WHEAT FLOUR, GRANA PADANO HARD CHEESE [MILK, SALT, RENNET, EGG WHITE LYSOZYME (NATURAL PRESERVATIVE)] (15%) (ITALIAN CHEESE D.O.P)], PALM OIL, SALT, DRIED TOMATO, SUGAR, YEAST, OREGANO, SOY FLOUR.',1,551502);
INSERT INTO public.food (food_id,food_title,food_description,food_ingredients,food_type_id,fdc_id) VALUES (92,'EVAPORATED MILK',NULL,'MILK, CONTAINS 0.5% OR LESS OF: DIPOTASSIUM PHOSPHATE, CARRAGEENAN, VITAMIN D3.',1,451701);
INSERT INTO public.food (food_id,food_title,food_description,food_ingredients,food_type_id,fdc_id) VALUES (93,'STRAWBERRY LEMONADE, STRAWBERRY',NULL,'FILTERED WATER, ORGANIC SUGAR, ORGANIC LEMON JUICE CONCENTRATE, ORGANIC STRAWBERRY JUICE CONCENTRATE, NATURAL FLAVORS, ORGANIC FRUIT AND VEGETABLE EXTRACT (FOR COLOR), ORGANIC LEMON FLAVOR, CITRIC ACID.',1,497901);
INSERT INTO public.food (food_id,food_title,food_description,food_ingredients,food_type_id,fdc_id) VALUES (94,'RASPBERRY BLUEBERRY FRUIT TWISTS, RASPBERRY BLUEBERRY',NULL,'ORGANIC APPLE PUREE CONCENTRATE, ORGANIC APPLE JUICE CONCENTRATE, NATURAL FLAVORS, FRUIT AND VEGETABLE JUICES FOR COLOR (CARROT, APPLE, BLACKCURRANT), PECTIN, ORGANIC BLUEBERRY JUICE CONCENTRATE, ORGANIC RASPBERRY JUICE CONCENTRATE.',1,737510);
INSERT INTO public.food (food_id,food_title,food_description,food_ingredients,food_type_id,fdc_id) VALUES (95,'Salsa',NULL,NULL,4,323869);
INSERT INTO public.food (food_id,food_title,food_description,food_ingredients,food_type_id,fdc_id) VALUES (96,'SAILOR BOY, PILOT BREAD CRACKERS',NULL,'ENRICHED FLOUR (WHEAT FLOUR, NIACIN, REDUCED IRON, THIAMINE MONONITRATE, RIBOFLAVIN, FOLIC ACID), PALM OIL, SALT, DEXTROSE, BAKING SODA, MODIFIED CORN STARCH, YEAST, MONOCALCIUM PHOSPHATE, MALTED BARLEY SYRUP, CALCIUM PROPIONATE (AS PRESERVATIVE), ARTIFICIAL FLAVOR, ENZYMES, SOY LECITHIN.',1,400881);
INSERT INTO public.food (food_id,food_title,food_description,food_ingredients,food_type_id,fdc_id) VALUES (97,'IBAKE FOODS, FROSTED HALLOWEEN SUGAR COOKIES',NULL,'SUGAR, BLEACHED WHEAT FLOUR, MARGARINE [PALM OIL, WATER, SALT, EMULSIFIERS (SOYA-LECITHIN, DISTILLED MONO-GLYCERIDES), NATURAL FLAVOR, CITRIC ACID, ANTIOXIDANT (SOY-DERIVED), VITAMIN A], EGGS, CORN SYRUP, CORN STARCH, BAKING POWDER, MILK, VANILLA, GUAR GUM, XANTHAN GUM, SOY LECITHIN, CONTAINS 2% OR LESS OF: VEGETABLE OIL (SOYBEAN AND COTTONSEED OIL), RICE FLOUR, DEXTRIN, GUM ARABIC, NATURAL AND ARTIFICIAL FLAVORS, CELLULOSE GUM, BLUE #1, YELLOW #5, YELLOW #6, RED #40, RED #3 CARNAUBA WAX, CONFECTIONER''S GLAZE.',1,425012);
INSERT INTO public.food (food_id,food_title,food_description,food_ingredients,food_type_id,fdc_id) VALUES (98,'CEDAR CREST, ICE CREAM, NATURAL VANILLA',NULL,'CREAM, SUGAR, NONFAT MILK, EGG YOLKS, PURE VANILLA EXTRACT, GUAR GUM, LOCUST BEAN GUM, CARRAGEENAN, VANILLA BEAN SEEDS.',1,447677);
INSERT INTO public.food (food_id,food_title,food_description,food_ingredients,food_type_id,fdc_id) VALUES (99,'PAPPARDELLE''S, SPINACH BASIL GNOCCHI PASTA',NULL,'POTATOES (POTATO, MONO AND DIGLYCERIDES, SODIUM ACID PYROPHOSPHATE, CITRIC ACID, MIXED TOCOPHEROLS TO PROTECT FRESHNESS). SPINACH, EGGS, POTATO FLOUR, WHEAT FLOUR (WHEAT FLOUR, MALTED BARLEY FLOUR, NIACIN, REDUCED IRON, THIAMINE MONONITRATE, RIBOFLAVIN, FOLIC ACID, WATER, BASIL, SALT, SPICES.',1,437038);
INSERT INTO public.food (food_id,food_title,food_description,food_ingredients,food_type_id,fdc_id) VALUES (100,'VICTORIA AMORY, CHAMPAGNE KETCHUP',NULL,'WATER, TOMATO PASTE, BROWN SUGAR, CHAMPAGNE VINEGAR WHITE DISTILLED VINEGAR. EXTRA VIRGIN OLIVE OIL, SALT, SPICE CHIPS, POWDER, CITRIC ACID.',1,824928);
INSERT INTO public.food (food_id,food_title,food_description,food_ingredients,food_type_id,fdc_id) VALUES (101,'HUMMUS LAYER DIP',NULL,'GARBANZO BEANS (GARBANZO BEANS, WATER), YOGURT (CULTURED PASTEURIZED GRADE A WHOLE MILK, CREAM, CONDENSED SKIM MILK, WHEY PROTEIN CONCENTRATE, PECTIN), TAHINI (SESAME SEEDS), RED BELL PEPPERS, CANOLA OIL, WATER, FIRE ROASTED RED PEPPER (RED PEPPER, WATER), WATER ROASTED RED BELL PEPPER, CONTAINS 2% OR LESS: JALAPENO PEPPER, CILANTRO, GARLIC, FIRE ROASTED ONIONS, SPICES, SMOKED PAPRIKA, ONIONS, EXTRA VIRGIN OLIVE OIL, PARSLEY, YEAST EXTRACT, GREEN ONION, SALT, CITRIC ACID, PAPRIKA, SUGAR, NATURAL FLAVORS, XANTHAN GUM, GUM ARABIC, CARRAGEENAN, VINEGAR, SODIUM BENZOATE AND POTASSIUM SORBATE (ADDED TO MAINTAIN FRESHNESS).',1,473347);
INSERT INTO public.food (food_id,food_title,food_description,food_ingredients,food_type_id,fdc_id) VALUES (102,'BIRTHDAY CAKE THE COMPLETE COOKIE, BIRTHDAY CAKE',NULL,'ENRICHED WHEAT FLOUR (WHEAT FLOUR, NIACIN, REDUCED IRON, THIAMINE MONONITRATE, RIBOFLAVIN, FOLIC ACID), PROTEIN BLEND (VITAL WHEAT GLUTEN, PEA PROTEIN, RICE PROTEIN), PALM MARGARINE (PALM OIL, PALM FRACTIONS, WATER, SALT, EMULSIFIERS [SUNFLOWER LECITHIN, DISTILLED MONOGLYCERIDES], NATURAL FLAVOR, CITRIC ACID, MIXED TOCOPHEROL [ANTIOXIDANTS] VITAMIN A, BETA-CAROTENE [COLOR]), CANE SUGAR, SPRINKLES (SUGAR, PALM KERNEL & PALM OIL, CORN STARCH, SUNFLOWER LECITHIN, VEGETABLE JUICE, ANNATTO EXTRACT, SPIRULINA EXTRACT, TURMERIC, BETA CAROTENE, MALTODEXTRIN, CARNAUBA WAX, CELLULOSE GUM), INVERT SUGAR, CHICORY ROOT FIBER, OLIGOFRUCTOSE, VEGETABLE GLYCERINE, NATURAL FLAVOR, SUNFLOWER LECITHIN, BAKING SODA, SEA SALT, CULTURED DEXTROSE, XANTHAN GUM, GUAR GUM.',1,602361);
INSERT INTO public.food (food_id,food_title,food_description,food_ingredients,food_type_id,fdc_id) VALUES (103,'FRUIT CANDY',NULL,'SUGAR, GLUCOSE SYRUP, MALTODEXTRIN, DEXTROSE, HYDROGENATED COCONUT OIL; CONTAINS LESS THAN 2% OF: CITRIC ACID, MODIFIED CORN STARCH, SORBITOL, GLYCEROL, ARTIFICIAL FLAVORS, CARNAUBA WAX, RICE STARCH, BEESWAX, SHELLAC, GELLAN GUM, SUCROSE FATTY ACID ESTERS, ARTIFICIAL COLORS, RED 40, YELLOW 6, BLUE 1, YELLOW 5.',1,378570);
INSERT INTO public.food (food_id,food_title,food_description,food_ingredients,food_type_id,fdc_id) VALUES (104,'SAUSAGE, EGG & CHEESE BISCUIT',NULL,'BISCUIT: ENRICHED BLEACHED WHEAT FLOUR (WHEAT FLOUR, NIACIN, REDUCED IRON, THIAMINE MONONITRATE, RIBOFLAVIN, FOLIC ACID, ENZYME), WATER, BUTTER FLAVORED SHORTENING FLAKE (PALM OIL, NATURAL BUTTER FLAVOR AND SOY LECITHIN), BUTTERMILK BLEND (SWEET WHEY, CALCIUM SULFATE, BUTTERMILK, ADIPIC ACID), SHORTENING (PALM OIL, SOY LECITHIN, ARTIFICIAL BUTTER FLAVOR AND BETA CAROTENE), SODIUM ALUMINUM PHOSPHATE, DEXTROSE, SODIUM BICARBONATE, SALT, CALCIUM PROPIONATE (PRESERVATIVE), METHYLCELLULOSE. FULLY COOKED PORK SAUSAGE PATTY-CARAMEL COLOR ADDED BHA, PROPYL GALLATE AND CITRIC ACID ADDED TO PROTECT FLAVOR: PORK, SEASONING (SALT, WHEY PROTEIN CONCENTRATE, SPICES, CORN SYRUP SOLIDS, DEXTROSE, CARAMEL COLOR, BHA, PROPYL GALLATE, CITRIC ACID), WATER, SODIUM PHOSPHATE. FULLY COOKED EGG PATTY: WHOLE EGGS, WHEY, SOYBEAN OIL, NONFAT MILK, CONTAINS 2% OR LESS OF: MODIFIED FOOD STARCH, SALT, XANTHAN GUM, CITRIC ACID, AND NATURAL BUTTER FLAVOR. PASTEURIZED PROCESS AMERICAN CHEESE: CHEDDAR CHEESE (PASTEURIZED MILK, CHEESE CULTURE, SALT, ENZYMES), WATER, SODIUM CITRATE, MILKFAT, SALT, SODIUM PHOSPHATE, SORBIC ACID (PRESERVATIVE), APO-CAROTENAL (COLOR), SOY LECITHIN (NON-STICKING AGENT).',1,581002);
INSERT INTO public.food (food_id,food_title,food_description,food_ingredients,food_type_id,fdc_id) VALUES (105,'Meatball soup, home recipe, Mexican style',NULL,NULL,3,783809);
INSERT INTO public.food (food_id,food_title,food_description,food_ingredients,food_type_id,fdc_id) VALUES (106,'THIRST QUENCHING SODA',NULL,'CARBONATED WATER, HIGH FRUCTOSE CORN SYRUP, CITRIC ACID, NATURAL FLAVOR, POTASSIUM CITRATE, POTASSIUM BENZOATE (A PRESERVATIVE).',1,412092);
INSERT INTO public.food (food_id,food_title,food_description,food_ingredients,food_type_id,fdc_id) VALUES (107,'MINI CHEESEBURGER',NULL,'BREAD (ENRICHED BLEACHED WHEAT FLOUR [WHEAT FLOUR, NIACIN, IRON, THIAMIN MONONITRATE, RIBOFLAVIN, FOLIC ACID, ENZYMES], WATER, SUGAR, MODIFIED WHEAT STARCH, SOYBEAN OIL, CONTAINS 2% OR LESS OF: YEAST, VITAL WHEAT GLUTEN, SALT, MONOGLYCERIDES, CALCIUM SULFATE, ENZYMES, TRICALCIUM PHOSPHATE, WHEAT STARCH, ASCORBIC ACID, SORBITAN MONOSTEARATE, CITRIC ACID, CALCIUM PROPIONATE), FULLY COOKED BEEF PATTY CARAMEL COLOR ADDED (BEEF, WATER, TEXTURED VEGETABLE PROTEIN [SOY PROTEIN CONCENTRATE, CARAMEL COLOR], SEASONING [HYDROLYZED CORN PROTEIN, DEXTROSE, SALT, FLAVORINGS], SODIUM PHOSPHATES, CARAMEL COLOR), PASTEURIZED PROCESS AMERICAN CHEESE (CULTURED MILK, WATER, CREAM, SODIUM PHOSPHATE, SALT, LACTIC ACID, SORBIC ACID, ARTIFICIAL COLOR, SODIUM CITRATE, ENZYMES).',1,560291);
INSERT INTO public.food (food_id,food_title,food_description,food_ingredients,food_type_id,fdc_id) VALUES (108,'Tuna, fresh, steamed or poached',NULL,NULL,3,782693);
INSERT INTO public.food (food_id,food_title,food_description,food_ingredients,food_type_id,fdc_id) VALUES (109,'PEANUT BUTTER CHOCOLATE CHIP ENERGY BAR, PEANUT BUTTER CHOCOLATE CHIP',NULL,'PEANUTS, BROWN RICE SYRUP (BROWN, RICE, WATER), OATS, DARK CHOCOLATE CHIPS (SUGAR, UNSWEETENED COCOA, COCOA BUTTER, SOY LECITHIN, NATURAL VANILLA EXTRACT), BROWN RICE FLOUR, WHITE RICE FLOUR, COCONUT OIL, POTATO STARCH, CONTAINS 2% OR LESS OF THE FOLLOWING: TAPIOCA FLOUR, HONEY, VANILLA EXTRACT, BAKING POWDER, BAKING SODA, SEA SALT, XANTHAN GUM.',1,603306);
INSERT INTO public.food (food_id,food_title,food_description,food_ingredients,food_type_id,fdc_id) VALUES (110,'Pringles Crisps French Onion Dip 5.96oz',NULL,'DRIED POTATOES, VEGETABLE OIL (CORN, COTTONSEED, HIGH OLEIC SOYBEAN, AND/OR SUNFLOWER OIL), DEGERMINATED YELLOW CORN FLOUR, CORNSTARCH, RICE FLOUR, MALTODEXTRIN, MONO- AND DIGLYCERIDES.CONTAINS 2% OR LESS OF SALT, ONION POWDER, COCONUT OIL, NATURAL FLAVORS, MONOSODIUM GLUTAMATE, YEAST EXTRACT, NONFAT MILK, CREAM, CULTURED NONFAT MILK, SUGAR, SOUR CREAM (CREAM, NONFAT MILK, CULTURES), CITRIC ACID, LACTIC ACID, GARLIC POWDER, DISODIUM INOSINATE, DISODIUM GUANYLATE, HYDROLYZED CORN PROTEIN, WHEAT STARCH.',1,345264);
INSERT INTO public.food (food_id,food_title,food_description,food_ingredients,food_type_id,fdc_id) VALUES (111,'THIN CRUST MARGHERITA PIZZA, MARGHERITA',NULL,'DOUGH (SOFT WHEAT FLOUR*, WATER, SUNFLOWER SEED OIL*, SALT, YEAST), MOZZARELLA CHEESE*, (MILK*, SALT, MICROBIAL RENNET), TOMATO SAUCE (TOMATO PASTE*, WATER, EXTRA VIRGIN OLIVE OIL*, OREGANO*, SALT), SEASONED TOMATO WITH BASIL SAUCE [SLICED TOMATO*, WATER, SUNFLOWER SEED OIL*, EXTRA VIRGIN OLIVE OIL*, BASIL*, SPINACH*, HARD CHEESE* (MILK*, SALT, MICROBIAL RENNET), GARLIC*, SOFT WHEAT FLOUR*].',1,652692);
INSERT INTO public.food (food_id,food_title,food_description,food_ingredients,food_type_id,fdc_id) VALUES (112,'MILK CHOCOLATE',NULL,'SUGAR, COCOA BUTTER, WHOLE MILK POWDER, COCOA, EMULSIFIER: SOY LECITHIN, NATURAL VANILLA FLAVOR',1,533750);
INSERT INTO public.food (food_id,food_title,food_description,food_ingredients,food_type_id,fdc_id) VALUES (113,'Margarine, regular, 80% fat, composite, tub, with salt',NULL,NULL,2,172347);
INSERT INTO public.food (food_id,food_title,food_description,food_ingredients,food_type_id,fdc_id) VALUES (114,'Beef, loin, top loin, separable lean and fat, trimmed to 1/8" fat, choice, raw',NULL,NULL,2,169540);
INSERT INTO public.food (food_id,food_title,food_description,food_ingredients,food_type_id,fdc_id) VALUES (116,'Hearty Beef Stew, 72 OZ',NULL,'Water, Seasoned Cooked Beef (Beef, Water, Contains 2% Or Less Of Caramel Color, Dextrose, Flavor [Natural Flavor, Salt, Maltodextrin, Dried Whey, Dried Cauliflower & Sesame Oil], Modified Corn Starch, Potassium Chloride, Potassium Phosphate, Salt, Sodium Phosphates, Spice Extractives), Carrots, Peas, Rehydrated Potatoes (Contains Disodium Dihydrogen Pyrophosphate to maintain natural color), Contains 2% or less of: Modified Corn Starch, Onions, Beef Flavor (Cooked Beef, Yeast Extract, Beef Tallow, Beef Extract, Flavoring, Salt, Sugar, Vegetable Juice Concentrates [Onion, Carrot, Celery], Lactic Acid) , Burgundy Wine, Salt, Butter (Cream, Salt), Canola Oil, Garlic, Spice.  CONTAINS: MILK',1,607612);
INSERT INTO public.food (food_id,food_title,food_description,food_ingredients,food_type_id,fdc_id) VALUES (117,'ASSORTED COOKIES, ASSORTED',NULL,'BLEACHED ENRICHED FLOUR (WHEAT FLOUR, NIACIN, REDUCED IRON, THIAMINE MONONITRATE, RIBOFLAVIN, FOLIC ACID), PALM OIL SHORTENING, SUGAR, CONTAINS 2% OR LESS OF EGGS, CORNSYRUP, CONFECTIONARY COATING (DEXTROSE, CORN STARCH, PALM OIL, TITANIUM DIOXIDE [COLOR], ARTIFICIAL FLAVOR, CALCIUM PROPIONATE [PRESERVATIVE]), COLORED SUGAR (SUGAR, YELLOW 5 LAKE, BLUE 1 LAKE, RED 3, RED 40 LAKE, CARANUBA WAX, LAC RESIN), COCOA DROPS (SUGAR, VEGTABLE OIL [PALM KERNEL OIL, COCONUT OIL, PALM OIL], COCOA POWDER PROCESSED WITH ALKALI, DEXTROSE, COCOA POWDER, WHEY [MILK], SOY LECITHIN, VANILLA [AN ARTIFICIAL FLAVOR]), SALT, COCOA PROCESSED WITH ALKALI, CANDY SPRINKLES (SUGAR, CORNSTARCH, PALM OIL, PALM KERNEL OIL, SUNFLOWER LECITHIN, DEXTRIN, LAC-RESIN, RED 40 LAKE, YELLOW 5 LAKE, BLUE 1 LAKE, NATURAL AND ARTIFICIAL FLAVOR, CARNAUBA WAX), NATURAL AND ARTIFICIAL FLAVORS, BAKING SODA, SPICES, YELLOW 5, YELLOW 6, RED 40.',1,490785);
INSERT INTO public.food (food_id,food_title,food_description,food_ingredients,food_type_id,fdc_id) VALUES (118,'Proximates, Tomatoes, diced, canned, HUNTS (MI, OK) - NFY120AME',NULL,NULL,4,333052);
INSERT INTO public.food (food_id,food_title,food_description,food_ingredients,food_type_id,fdc_id) VALUES (119,'SPARKLING WATER BEVERAGE',NULL,'CARBONATED WATER, NATURAL FLAVORS.',1,566696);
INSERT INTO public.food (food_id,food_title,food_description,food_ingredients,food_type_id,fdc_id) VALUES (120,'FRIED PORK SKINS',NULL,'FRIED PORK SKINS, ARTIFICIAL VINEGAR FLAVOR (MALIC ACID, SODIUM ACETATE, LACTOSE, FUMARIC ACID), WHEY, SALT, MALTODEXTRIN, SPICES, SOYBEAN OIL, MONOSODIUM GLUTAMATE, HOT SAUCE POWDER (CHILI PEPPER, SALT, VINEGAR, GARLIC), MALIC ACID, CORN STARCH, CORN SYRUP SOLIDS, SUGAR, CITRIC ACID, PAPRIKA (COLOR), EXTRACTIVE OF PAPRIKA (COLOR), FUMARIC ACID, SODIUM CASEINATE, SPICE EXTRACTIVE, CARRAGEENAN, ARTIFICIAL COLOR AND FLAVOR.',1,511136);
INSERT INTO public.food (food_id,food_title,food_description,food_ingredients,food_type_id,fdc_id) VALUES (121,'5/6 OZ CAN LOBSTER TAILS',NULL,'Lobster, Salt',1,767144);
INSERT INTO public.food (food_id,food_title,food_description,food_ingredients,food_type_id,fdc_id) VALUES (122,'SUPER-FINE ALMOND FLOUR FROM BLANCHED WHOLE ALMONDS, ALMOND',NULL,'BLANCHED ALMONDS.',1,660756);
INSERT INTO public.food (food_id,food_title,food_description,food_ingredients,food_type_id,fdc_id) VALUES (123,'CRANBERRY CONCORD GRAPE FLAVOR 100% JUICE BLEND FROM CONCENTRATE, CRANBERRY CONCORD GRAPE',NULL,'GRAPE AND CONCORD GRAPE JUICES (WATER, GRAPE AND CONCORD JUICE CONCENTRATES), CRANBERRY JUICE (WATER, CRANBERRY JUICE CONCENTRATE), APPLE JUICE (WATER, APPLE JUICE CONCENTRATE), NATURAL FLAVORS, ASCORBIC ACID (VITAMIN C), FUMARIC ACID.',1,630866);
INSERT INTO public.food (food_id,food_title,food_description,food_ingredients,food_type_id,fdc_id) VALUES (124,'Dietetic or low calorie candy, chocolate covered',NULL,NULL,3,789330);
INSERT INTO public.food (food_id,food_title,food_description,food_ingredients,food_type_id,fdc_id) VALUES (125,'VERMONT SHARP - WHITE NATURAL CHEDDAR CHEESE',NULL,'PASTEURIZED MILK, CHEESE CULTURE, SALT AND ENZYMES.',1,556208);
INSERT INTO public.food (food_id,food_title,food_description,food_ingredients,food_type_id,fdc_id) VALUES (126,'SAN MARCOS, EMSANMAR, REFRIED BLACK BEANS',NULL,'PRECOOKED BLACK BEANS, WATER, CANOLA OIL, SALT AND GARLIC.',1,362661);
INSERT INTO public.food (food_id,food_title,food_description,food_ingredients,food_type_id,fdc_id) VALUES (127,'CLASSIC POTATO CHIPS, CLASSIC',NULL,'POTATOES, VEGETABLE OIL (SUNFLOWER, CORN AND/OR CANOLA OIL), AND SALT.',1,982619);
INSERT INTO public.food (food_id,food_title,food_description,food_ingredients,food_type_id,fdc_id) VALUES (128,'HOME-STYLE BAKED BEANS, HOME-STYLE',NULL,'PREPARED WHITE BEANS, WATER, BROWN SUGAR, SUGAR, TOMATO PASTE, CONTAINS 2% OR LESS: SALT, BACON (CURED WITH WATER, SALT, SUGAR, SODIUM PHOSPHATE, SODIUM ERYTHORBATE, SODIUM NITRITE), CORNSTARCH MODIFIED, MUSTARD (DISTILLED VINEGAR, WATER, MUSTARD SEED, SALT, TURMERIC, PAPRIKA, SPICE, GARLIC POWDER), CARAMEL COLOR, ONION POWDER, GARLIC POWDER, EXTRACTIVES OF PAPRIKA.',1,706424);
INSERT INTO public.food (food_id,food_title,food_description,food_ingredients,food_type_id,fdc_id) VALUES (129,'MILK, SKIM ',NULL,NULL,4,322298);
INSERT INTO public.food (food_id,food_title,food_description,food_ingredients,food_type_id,fdc_id) VALUES (130,'Grapefruit juice, white, canned, sweetened',NULL,NULL,2,174679);
INSERT INTO public.food (food_id,food_title,food_description,food_ingredients,food_type_id,fdc_id) VALUES (131,'Oranges, Navel, Pass 2, Region 4, n/a, Yes - Folate, NFY01076T',NULL,NULL,4,327387);
INSERT INTO public.food (food_id,food_title,food_description,food_ingredients,food_type_id,fdc_id) VALUES (132,'APRICOT HALVES UNPEELED APRICOTS IN HEAVY SYRUP',NULL,'APRICOTS, WATER, CORN SYRUP, SUGAR.',1,640254);
INSERT INTO public.food (food_id,food_title,food_description,food_ingredients,food_type_id,fdc_id) VALUES (133,'DELUXE GARBANZO BEANS',NULL,'COOKED GARBONZO BEANS, WATER, SALT, CANE SUGAR.',1,843372);
INSERT INTO public.food (food_id,food_title,food_description,food_ingredients,food_type_id,fdc_id) VALUES (134,'MASHED POTATOES',NULL,'IDAHO POTATOES WITH EMULSIFIER (MONO & DIGLYCERIDES) AND PRESERVATIVES (SODIUM ACID PYROPHOSPHATE, SODIUM BISULFITE, CITRIC ACID, MIXED TOCOPHEROLS), CHEESE BLEND (WHEY, CHEESE [CHEDDAR, BLUE, PARMESAN, ROMANO {MILK, SALT, CHEESE CULTURES, ENZYMES}], REDUCED LACTOSE WHEY, MALTODEXTRIN, CANOLA OIL, SALT, DISODIUM PHOSPHATE, NONFAT DRY MILK, CITRIC ACID), VEGETABLE OIL (CONTAINS ONE OR MORE OF THE FOLLOWING: COCONUT, PALM, SOYBEAN, COTTONSEED, SUNFLOWER, CANOLA), NONFAT DRY MILK, SALT, MALTODEXTRIN, BUTTER POWDER (MALTODEXTRIN, BUTTER [CREAM, SALT], NONFAT DRY MILK, BUTTERMILK, SALT, CANOLA OIL, SOUR CREAM [CULTURED CREAM, NONFAT DRY MILK], DISODIUM PHOSPHATE, NATURAL & ARTIFICIAL FLAVORS, LACTIC ACID, CITRIC ACID), SUGAR, SODIUM CASEINATE, YEAST EXTRACT, DEHYDRATED ONION, DIPOTASSIUM PHOSPHATE, MONO AND DIGLYCERIDES, NATURAL FLAVORS, SOY LECITHIN, DISODIUM INOSINATE, DISODIUM GUANYLATE, FD&C YELLOW #5, YELLOW #6, AND LESS THAN 2% SILICON DIOXIDE ADDED AS AN ANTICAKING AGENT.',1,398683);
INSERT INTO public.food (food_id,food_title,food_description,food_ingredients,food_type_id,fdc_id) VALUES (135,'ANGELO, GELATO ITALIANO, GOURMET ICE CREAM, CHOCOLATE',NULL,'MILK, CREAM, SUGAR, COCOA, VEGETABLE OIL, GUAR GUM AND CARRAGEENAN.',1,368644);
INSERT INTO public.food (food_id,food_title,food_description,food_ingredients,food_type_id,fdc_id) VALUES (136,'MARINADE',NULL,'WATER, WHITE VINEGAR, SUGAR, SOYBEAN OIL, WHITE CHABLIS WINE, OLIVE OIL, LEMON JUICE CONCENTRATE, GARLIC PUREE ROASTED (GARLIC, WATER, NATURAL FLAVOR, CITRIC ACID), SALT, LEMON PEEL (LEMON PEEL, WATER, CITRIC ACID), BASIL BLACK PEPPER, OREGANO, NATURAL LEMON FLAVOR, PARSLEY, FENNEL POWDER, XANTHAN GUM.',1,495129);
INSERT INTO public.food (food_id,food_title,food_description,food_ingredients,food_type_id,fdc_id) VALUES (137,'Burrito with meat and beans',NULL,NULL,3,785788);
INSERT INTO public.food (food_id,food_title,food_description,food_ingredients,food_type_id,fdc_id) VALUES (139,'FRESH & EASY, WHITE CHOCOLATE CHIP COOKIE WITH BLONDIE',NULL,'ENRICHED UNBLEACHED WHEAT FLOUR (WHEAT FLOUR, REDUCED IRON, THIAMIN MONONITRATE, RIBOFLAVIN, FOLIC ACID), BROWN SUGAR, WHITE CHOCOLATE DROPS [SUGAR, COCOA BUTTER, MILK, SOY LECITHIN (AN EMULSIFIER), VANILLA], UNSALTED BUTTER (CREAM), EGG, CREAM CHEESE (MILK, CREAM, CHEESE CULTURE, SALT, CAROB GUM), SUGAR, PALM OIL, CANOLA OIL, SEMI-SWEET CHOCOLATE CHIPS [SUGAR, CHOCOLATE LIQUOR, COCOA BUTTER, SOY LECITHIN (AS AN EMULSIFIER), VANILLA, SALT], ENRICHED BLEACHED WHEAT FLOUR, COCOA (PROCESSED WITH ALKALI), VANILLA EXTRACT, SOY LECITHIN, BAKING SODA, SALT, BAKING POWDER (SODIUM ACID PYROPHOSPHATE, BAKING SODA, CORN STARCH, MONOCALCIUM PHOSPHATE).',1,453428);
INSERT INTO public.food (food_id,food_title,food_description,food_ingredients,food_type_id,fdc_id) VALUES (140,'SEVEN HERB SEASONING BLEND',NULL,'BELL PEPPERS, SPICES, GROUND CHILES, ONION, GARLIC, NATURAL FLAVORS (MALTODEXTRIN, CORN STARCH, CARAMEL COLOR, TAMARIND OIL), PALM OIL, STEVIA EXTRACT.',1,812648);
INSERT INTO public.food (food_id,food_title,food_description,food_ingredients,food_type_id,fdc_id) VALUES (141,'DANIMALS SMOOTHIE MAX',NULL,'CULTURED GRADE A LOW FAT MILK, WATER, SUGAR, CONTAINS LESS THAN 1% OF MODIFIED CORN STARCH, NATURAL FLAVORS, WHEY MINERAL COMPLEX, PECTIN, AGAR AGAR, BETA CAROTENE (FOR COLOR), MALIC ACID, POTASSIUM SORBATE (TO MAINTAIN FRESHNESS), SODIUM CITRATE, VITAMIN D3.',1,411220);
INSERT INTO public.food (food_id,food_title,food_description,food_ingredients,food_type_id,fdc_id) VALUES (142,'ALBERT MORITZ, ICE CUBES, ICED CHOCOLATE',NULL,'PARTIALLY HYDROGENATED OIL (COCONUT, PALMKERNEL), LACTOSE, SUGAR, REDUCED FAT COCOA POWDER, SKIM MILK POWDER, EMULSIFIER (SOY LECITHIN), ARTIFICIAL VANILLA FLAVOR, CARMINE COLOR',1,503635);
INSERT INTO public.food (food_id,food_title,food_description,food_ingredients,food_type_id,fdc_id) VALUES (143,'VEGGIE CARPACCIO PLANT-BASED DELI SLICES, VEGGIE CARPACCIO',NULL,'WATER, GLUTEN FROM WHEAT, DURUM WHEAT FLOUR, SUNFLOWER OIL, NATURAL FLAVORS, YEAST EXTRACTS, COLORING: BETANIN, CITRIC ACID, WHEAT FLOUR, PEA PROTEIN, SOURDOUGH, WHITE PEPPER POWDER, GARLIC POWDER.',1,920694);
INSERT INTO public.food (food_id,food_title,food_description,food_ingredients,food_type_id,fdc_id) VALUES (144,'ROMANO CAESAR DRESSING & DIP, ROMANO CAESAR',NULL,'INGREDIENTS: CANOLA OIL, WATER, ROMANO CHEESE (MILK, CULTURE, SALT, ENZYMES), EGG YOLK, DISTILLED VINEGAR, SALT, DRIED GARLIC, DIJON MUSTARD (DISTILLED VINEGAR, WATER, MUSTARD SEED, SALT, WHITE WINE, CITRIC ACID, TURMERIC, TARTARIC, ACID, SPICES), SUGAR, LEMON JUICE CONCENTRATE, ANCHOVIES. MUSTARD FLOUR, SPICE, XANTHAN GUM.',1,971415);
INSERT INTO public.food (food_id,food_title,food_description,food_ingredients,food_type_id,fdc_id) VALUES (145,'VEGETARIAN REFRIED BEANS, VEGETARIAN',NULL,'COOKED BEANS, WATER. CONTAINS LESS THAN 2% OF: SALT, TOMATO PASTE, SEA SALT, SOYBEAN OIL, CHILI PEPPER, SUGAR, ONION POWDER, NATURAL FLAVOR, GARLIC POWDER.',1,995991);
INSERT INTO public.food (food_id,food_title,food_description,food_ingredients,food_type_id,fdc_id) VALUES (146,'GOOD GRAINS TACO SHELLS',NULL,'WHOLE GRAIN BLUE CORN, HIGH OLEIC CANOLA OIL, WATER, CORN FLOUR, SALT, HYDRATED LIME.',1,550525);
INSERT INTO public.food (food_id,food_title,food_description,food_ingredients,food_type_id,fdc_id) VALUES (147,'TURKEY HAM, TURKEY',NULL,'INGREDIENTS: TURKEY THIGH MEAT, WATER, DEXTROSE, SALT, POTASSIUM LACTATE, MODIFIED CORN STARCH, SODIUM PHOSPHATE, SUGAR, SODIUM DIACETATE, SODIUM ERYTHORBATE, SODIUM NITRITE, FLAVORINGS.',1,963891);
INSERT INTO public.food (food_id,food_title,food_description,food_ingredients,food_type_id,fdc_id) VALUES (148,'ORGANIC MAYONNAISE',NULL,'ORGANIC SOYBEAN OIL, WATER, ORGANIC WHOLE EGGS, ORGANIC DISTILLED VINEGAR, ORGANIC EGG YOLKS, SALT, ORGANIC DRIED CANE SYRUP, NATURAL FLAVOR, ORGANIC LEMON JUICE CONCENTRATE.',1,819634);
INSERT INTO public.food (food_id,food_title,food_description,food_ingredients,food_type_id,fdc_id) VALUES (149,'SHAFFER, SMOKED VENISON SNACK STICK, SMOKE',NULL,'VENISON, PORK, SEASONING: (SALT, CORN SYRUP SOLIDS, SPICES, MUSTARD, DEXTROSE, GARLIC POWDER). SUGAR, SALT, SODIUM NITRITE. RED PEPPER, POTASSIUM SORBATE.',1,377792);
INSERT INTO public.food (food_id,food_title,food_description,food_ingredients,food_type_id,fdc_id) VALUES (150,'BEEF BREAKFAST SAUSAGE, BANQUET BROWN N SERVE SAUSAGE LINKS',NULL,NULL,4,324134);
INSERT INTO public.food (food_id,food_title,food_description,food_ingredients,food_type_id,fdc_id) VALUES (151,'WHOLE ALMONDS',NULL,'ALMONDS (STEAM PASTEURIZED).',1,515017);
INSERT INTO public.food (food_id,food_title,food_description,food_ingredients,food_type_id,fdc_id) VALUES (152,'CARAMELS',NULL,'CARAMEL CENTER (CORN SYRUP, SUGAR, EVAPORATED MILK (MILK, DIPOTASSIUM PHOSPHATE & CARRAGEENAN [STABILIZERS], VITAMIN D3), WHIPPING CREAM (CREAM, CARRAGEENAN), SALTED BUTTER (SWEET CREAM, SALT), PUMPKIN PUREE, PUMPKIN POWDER (PUMPKIN, MALTODEXTRIN, CORN FLOUR), CINNAMON, DRIED EGG WHITES, SALT, DRIED GINGER, SOY LECITHIN, NUTMEG, ALLSPICE), DARK CHOCOLATE (SUGAR, CHOCOLATE LIQUOR, COCOA BUTTER, ANHYDROUS MILK FAT, SOY LECITHIN [EMULSIFIER], VANILLA), CONFECTIONERY COATING (SUGAR, PALM KERNEL OIL, COCOA POWDER, WHEY POWDER, NONFAT MILK POWDER, SOY LECITHIN (EMULSIFIER), VANILLA) SEA SALT.',1,512579);
INSERT INTO public.food (food_id,food_title,food_description,food_ingredients,food_type_id,fdc_id) VALUES (153,'ROTINI',NULL,'CHICKPEAS, TAPIOCA, PEA PROTEIN, XANTHAN GUM.',1,623590);
INSERT INTO public.food (food_id,food_title,food_description,food_ingredients,food_type_id,fdc_id) VALUES (154,'RED POTATOES WITH PARMESAN CHEESE, GARLIC AND ROSEMARY',NULL,'RED POTATOES (RED POTATOES, CITRIC ACID, TABLE SALT, L-CYSTEINE HYDROCHLORIDE MONOHYDRATE, CALCIUM PHOSPHATE ANHYDROUS [PRESERVATIVE]), PARMESAN CHEESE (PASTEURIZED MILK, CHEESE CULTURE, SALT, ENZYMES, POWDERED CELLULOSE [TO PREVENT CAKING]), GARLIC, ROSEMARY.',1,604458);
INSERT INTO public.food (food_id,food_title,food_description,food_ingredients,food_type_id,fdc_id) VALUES (155,'GREEN PICKLED JALAPENO PEPPERS',NULL,'JALAPENO PEPPERS, WATER, VINEGAR, CARROTS, SALT, ONION, SUGAR OR HIGH-FRUCTOSE CORN SYRUP, CORN OIL, GARLIC AND SPICES.',1,370565);
INSERT INTO public.food (food_id,food_title,food_description,food_ingredients,food_type_id,fdc_id) VALUES (156,'CREAM SODA',NULL,'WATER, BROWN CANE SUGAR, CANE SUGAR, NATURAL FLAVOR, AND SODIUM BENZOATE AS A PRESERVATIVE.',1,483470);
INSERT INTO public.food (food_id,food_title,food_description,food_ingredients,food_type_id,fdc_id) VALUES (157,'THINK THIN, HIGH PROTEIN BAR, CHOCOLATE FUDGE',NULL,'PROTEIN BLEND (WHEY PROTEIN ISOLATE, SOY PROTEIN ISOLATE, CALCIUM CASEINATE, CASEIN), GLYCERIN, MALTITOL, COATING (MALTITOL, COCOA BUTTER, CHOCOLATE, SODIUM CASEINATE, MILK FAT, SOY LECITHIN, NATURAL FLAVORS, SALT), ALMONDS, WATER, CANOLA OIL, CHOCOLATE, ALKALIZED COCOA, SOY LECITHIN, NATURAL FLAVORS, SEA SALT. ',1,432316);
INSERT INTO public.food (food_id,food_title,food_description,food_ingredients,food_type_id,fdc_id) VALUES (158,'ITALIAN STYLE JUMBO SHRIMP SCAMPI RAVIOLI',NULL,'EXTRA FANCY DURUM FLOUR (ENRICHED WITH NIACIN, FERROUS SULFATE, THIAMINE MONONITRATE, RIBOFLAVIN, FOLIC ACID), SHRIMP (SHRIMP, SALT, SODIUM TRIPOLYPHOSPHATE [USED AS A PRESERVATIVE]), WATER, WHOLE MILK RICOTTA CHEESE (WHEY, WHOLE MILK, CREAM, VINEGAR), PARMESAN CHEESE (PASTEURIZED PART SKIM MILK, CHEESE CULTURES, SALT, ENZYMES, POWDERED CELLULOSE [ANTI-CAKING AGENT]), LIQUID PASTEURIZED WHOLE EGGS, WHITE WINE (SULFITES), WHOLE MILK MOZZARELLA CHEESE (PASTEURIZED MILK, CULTURES, SALT, ENZYMES, CELLULOSE [ADDED TO PREVENT CAKING]), LEMON JUICE (FILTERED WATER, LEMON JUICE CONCENTRATE, SODIUM BISULFITE [PRESERVATIVE], SODIUM BENZOATE [PRESERVATIVE], LEMON OIL), MODIFIED CORN STARCH, GARLIC, PARSLEY, CONCENTRATED BUTTER (BUTTER [CREAM, SALT], FLAVOR), SALT, PARSLEY POWDER, BLACK PEPPER, NATURAL BUTTER FLAVOR (GUM ARABIC, SALT, COCONUT OIL, NATURAL FLAVOR), WHITE PEPPER, ROSEMARY EXTRACT.',1,571201);
INSERT INTO public.food (food_id,food_title,food_description,food_ingredients,food_type_id,fdc_id) VALUES (159,'Bamboo shoots, cooked, NS as to fat added in cooking',NULL,NULL,3,787910);
INSERT INTO public.food (food_id,food_title,food_description,food_ingredients,food_type_id,fdc_id) VALUES (161,'OATMEAL RAISIN SOFT BAKED COOKIES',NULL,'ENRICHED FLOUR (WHEAT FLOUR, NIACIN, REDUCED IRON, THIAMINE MONONITRATE, RIBOFLAVIN, FOLIC ACID), OATS, SHORTENING (INTERESTERIFIED SOYBEAN OIL), SUGAR, RAISINS, CORN SYRUP, HIGH FRUCTOSE CORN SYRUP, RAISIN PASTE, WATER, MOLASSES, EGGS, GLYCERIN, VANILLA FLAVOR, CINNAMON, BAKING POWDER, SALT, BAKING SODA, ALLSPICE.',1,509502);
INSERT INTO public.food (food_id,food_title,food_description,food_ingredients,food_type_id,fdc_id) VALUES (162,'COFFEE ICE CREAM, MOCHA ME HOPPY',NULL,'MILK, CREAM, SKIM MILK, SUGAR, BUTTERMILK, WHEY, HAZELNUT COFFEE FLAVORED MOCHA SWIRL {SWEETENED CONDENSED SKIM MILK (SKIM MILK, SUGAR, CORN SYRUP), SUGAR, DEXTROSE, WATER, BUTTER (CREAM, SALT), CORN SYRUP, COCOA PROCESSED WITH ALKALI, UNSWEETENED CHOCOLATE, CONTAINS 2% OR LESS OF THE FOLLOWING: COFFEE, PECTIN (PECTIN, SUGAR), SALT, DISODIUM PHOSPHATE, ARTIFICIAL FLAVORS}, CAKE PIECE {SUGAR, WHEAT FLOUR, LIQUID PASTEURIZED EGGS, MARGARINE (SOYBEAN OIL, PALM OIL, WATER, SALT, MONO & DIGLYCERIDES, SOY LECITHIN, NATURAL BUTTER FLAVOR, ANNATTO FOR COLOR, VITAMIN A PALMITATE), CORN STARCH, NATURAL FLAVORS, SOY LECITHIN, SALT}, CORN SYRUP, COFFEE EXTRACT, CONTAINS 1% OR LESS OF CAROB BEAN GUM, GUAR GUM, CARRAGEENAN, MONO & DIGLYCERIDES, CELLULOSE GEL, CELLULOSE GUM.',1,960491);
INSERT INTO public.food (food_id,food_title,food_description,food_ingredients,food_type_id,fdc_id) VALUES (163,'CALIFORNIA HONEY FRENCH STYLE DRESSING',NULL,'SOYBEAN OIL, WATER, SUGAR, HONEY, DISTILLED VINEGAR, TOMATO PASTE, SALT, CONTAINS 2% OR LESS OF: POPPY SEEDS, XANTHAN GUM, DRIED ONION, POTASSIUM SORBATE (PRESERVATIVE), CALCIUM DISODIUM EDTA (TO PROTECT FLAVOR), APOCAROTENAL (FOR COLOR).',1,566011);
INSERT INTO public.food (food_id,food_title,food_description,food_ingredients,food_type_id,fdc_id) VALUES (164,'THIN DILL CHIPS',NULL,'CUCUMBERS, WATER, VINEGAR, SALT, CALCIUM CHLORIDE, 0.1% SODIUM BENZOATE (PRESERVATIVE), ALUM, NATURAL FLAVORS, POLYSORBATE 80, AND YELLOW 5.',1,468562);
INSERT INTO public.food (food_id,food_title,food_description,food_ingredients,food_type_id,fdc_id) VALUES (165,'TOPS, ASSORTED CIRCUS PEANUTS',NULL,'SUGAR, CORN SYRUP, GELATIN, PECTIN, ARTIFICIAL FLAVOR, ARTIFICIAL COLORS (FD&C RED #40, YELLOW #6, YELLOW #5).',1,416634);
INSERT INTO public.food (food_id,food_title,food_description,food_ingredients,food_type_id,fdc_id) VALUES (166,'ENRICHED MACARONI PRODUCT, FETTUCCINE',NULL,'DURUM WHEAT SEMOLINA, (ENRICHED WITH IRON [FERROUS SULFATE] AND B VITAMINS [NIACIN, THIAMIN MONONITRATE, RIBOFLAVIN, FOLIC ACID]).',1,592641);
INSERT INTO public.food (food_id,food_title,food_description,food_ingredients,food_type_id,fdc_id) VALUES (167,'BEEF JERKY, KOREAN BBQ',NULL,'BEEF, GLUTEN FREE TAMARI (WATER, SOYBEANS, SALT, SUGAR), BROWN SUGAR, NATURAL SMOKE FLAVOR, GARLIC, SESAME SEEDS, CAYENNE, SESAME OIL, GINGER, ONION, CHILI PEPPER (ORANGE PEEL, BLACK SESAME SEEDS, SEAWEED, WHITE SESAME SEEDS, JAPANESE PEPPER, GINGER).',1,864562);
INSERT INTO public.food (food_id,food_title,food_description,food_ingredients,food_type_id,fdc_id) VALUES (168,'SWEET & SPICY JALAPENOS, SWEET & SPICY',NULL,'JALAPENO PEPPERS (JALAPENOS, SALT, WATER, ACETIC ACID) ONIONS, SUGAR, MUSTARD SEED, DILL WEED, CELERY SEEDS, SPICES.',1,720634);
INSERT INTO public.food (food_id,food_title,food_description,food_ingredients,food_type_id,fdc_id) VALUES (169,'LOX STYLE WILD KING SMOKED SALMON',NULL,'SMOKED SALMON (SALMON, SALT, SUGAR, SPICE, NATURAL WOOD SMOKE).',1,552285);
INSERT INTO public.food (food_id,food_title,food_description,food_ingredients,food_type_id,fdc_id) VALUES (170,'MISS KAY''S HOMEMADE CREAM CHEESE POUND CAKE',NULL,'SUGAR, ENRICHED WHEAT FLOUR (BLEACHED WHEAT FLOUR, ENRICHMENT [NIACIN, IRON, THIAMINE MONONITRATE, RIBOFLAVIN, AND FOLIC ACID], MALTED BARLEY FLOUR), EGGS, MARGARINE (PARTIALLY HYDROGENATED SOYBEAN OIL, LIQUID SOYBEAN OIL, SKIM MILK, CULTURED SKIM MILK, SALT, VEGETABLE MONO AND DIGLYCERIDES AND SOY LECITHIN [EMULSIFIERS], SODIUM BENZOATE [TO PRESERVE FRESHNESS], VITAMIN A PALMITATE, COLORED WITH BETA CAROTENE, ARTIFICIAL FLAVOR), CREAM CHEESE (PASTEURIZED CULTURED MILK AND CREAM, SALT, STABILIZERS [XANTHAN, LOCUST BEAN AND/OR GUAR GUMS]), LEMON CONCENTRATE (HIGH FRUCTOSE, CORN SYRUP, LEMON PEEL (LEMON PEEL, WATER, CITRIC ACID), CORN SYRUP, DEXTROSE, NATURAL AND ARTIFICIAL FLAVORS, WATER, CITRIC ACID, PECTIN, PRESERVATIVES [SODIUM BENZOATE, SODIUM PROPIONATE, POTASSIUM SORBATE], YELLOW 5, SODIUM CITRATE), CONTAINS 2% OR LESS OF THE FOLLOWING: VANILLA FLAVOR, LEMON EXTRACT, BAKING SODA, CELLULOSE GUM.',1,453173);
INSERT INTO public.food (food_id,food_title,food_description,food_ingredients,food_type_id,fdc_id) VALUES (171,'SIMPLYLIGHT, WILD STRAWBERRY SUGAR FREE, LOW CALORIE DRINK MIX TO GO, WILD STRAWBERRY',NULL,'CITRIC ACID, MALTODEXTRIN, ASPARTAME**, CAFFEINE, CONTAINS LESS THAN 2% OF: NATURAL AND ARTIFICIAL FLAVORS, NIACINAMIDE (VITAMIN B3), ACESULFAME POTASSIUM, CALCIUM SILICATE, CALCIUM PANTOTHENATE AND BIOTIN (B VITAMINS), VITAMIN B6, VITAMIN B12, MAGNESIUM OXIDE, ARTIFICIAL COLOR, RED 40, YELLOW 5, BLUE 1, SOY LECITHIN, TOCOPHEROL (TO PROTECT FLAVOR).',1,964529);
INSERT INTO public.food (food_id,food_title,food_description,food_ingredients,food_type_id,fdc_id) VALUES (172,'Kellogg''s Corn Flakes Crumbs Cereal 21oz',NULL,'Milled corn, sugar, malt flavor, 2% or less of salt.  BHT for freshness.Vitamins and Minerals: Iron, vitamin C (sodium ascorbate, ascorbic acid), niacinamide, vitamin B6 (pyridoxine hydrochloride), vitamin A palmitate, vitamin B2 (riboflavin), vitamin B1 (thiamin hydrochloride), folic acid, vitamin D3, vitamin B12.',1,345901);
INSERT INTO public.food (food_id,food_title,food_description,food_ingredients,food_type_id,fdc_id) VALUES (173,'FREEZE DRIED FUJI APPLES',NULL,'APPLES, ASCORBIC ACID, CITRIC ACID, SALT (TO PRESERVE COLOR).',1,599272);
INSERT INTO public.food (food_id,food_title,food_description,food_ingredients,food_type_id,fdc_id) VALUES (174,'Coffee creamer, powder',NULL,NULL,3,781481);
INSERT INTO public.food (food_id,food_title,food_description,food_ingredients,food_type_id,fdc_id) VALUES (175,'APPLE CARAMEL BLOSSOMS',NULL,'APPLES, ENRICHED WHEAT FLOUR (WHEAT FLOUR, NIACIN, REDUCED IRON, THIAMIN MONONITRATE, RIBOFLAVIN, FOLIC ACID), PALM OIL, SUGAR, WATER, CORN SYRUP, HEAVY CREAM (CREAM, MILK, SKIM MILK POWDER, DEXTROSE, CARRAGEENAN, MONO- AND DI-GLYCERIDES, CELLULOSE GUM, SODIUM CITRATE), MODIFIED CORN STARCH, BUTTER (CREAM, SALT), EGGS, GLAZE (SUGAR, AGAR), SALT, DEXTROSE, WHITE VINEGAR, CONCENTRATED LEMON JUICE, MODIFIED TAPIOCA STARCH, NATURAL FLAVOR, CINNAMON, MOLASSES, YEAST, ENZYMES, SOY LECITHIN, CARAMEL COLOR.',1,411014);
INSERT INTO public.food (food_id,food_title,food_description,food_ingredients,food_type_id,fdc_id) VALUES (176,'MCCORMICK, GRILL MATES, SEASONING, MONTREAL STEAK',NULL,'COARSE SALT, SPICES (INCLUDING BLACK PEPPER AND RED PEPPER), GARLIC, SUNFLOWER OIL, NATURAL FLAVOR, AND EXTRACTIVES OF PAPRIKA.',1,403746);
INSERT INTO public.food (food_id,food_title,food_description,food_ingredients,food_type_id,fdc_id) VALUES (177,'UNPEELED APRICOT HALVES IN HEAVY SYRUP',NULL,'APRICOTS, WATER, CORN SYRUP, SUGAR.',1,361985);
INSERT INTO public.food (food_id,food_title,food_description,food_ingredients,food_type_id,fdc_id) VALUES (178,'PURE OLIVE OIL',NULL,'REFINED OLIVE OIL, EXTRA VIRGIN OLIVE OIL.',1,848716);
INSERT INTO public.food (food_id,food_title,food_description,food_ingredients,food_type_id,fdc_id) VALUES (179,'PIEROGIES',NULL,'PASTA INGREDIENTS: ORGANIC UNBLEACHED WHEAT FLOUR, WATER, ORGANIC WHOLE EGGS. FILLING INGREDIENTS: WATER, ORGANIC POTATO FLAKES, ORGANIC COOKED ONIONS, ORGANIC CHEDDAR CHEESE (ORGANIC MILK, SALT, ENZYMES), ORGANIC BUTTER (ORGANIC PASTEURIZED CREAM, SALT, CULTURE), SEA SALT, ORGANIC CANOLA OIL, ORGANIC BLACK PEPPER. ',1,356869);
INSERT INTO public.food (food_id,food_title,food_description,food_ingredients,food_type_id,fdc_id) VALUES (180,'MILK CHOCOLATE CASHEWS, MILK CHOCOLATE',NULL,'MILK CHOCOLATE (SUGAR, COCOA BUTTER, UNSWEETENED CHOCOLATE, NONFAT DRY MILK, MILK FAT, SOY LECITHIN [AN EMULSIFIER], NATURAL VANILLA EXTRACT), ROASTED CASHEWS (CASHEWS, CANOLA OIL), TAPIOCA STARCH, SUGAR, CONFECTIONER''S GLAZE.',1,926290);
INSERT INTO public.food (food_id,food_title,food_description,food_ingredients,food_type_id,fdc_id) VALUES (181,'CILANTRO AVOCADO DRESSING, CILANTRO AVOCADO',NULL,'SOYBEAN OIL, WATER, BUTTERMILK, DISTILLED VINEGAR, AVOCADO, EGG YOLK, SALT, POBLANO PEPPER, SUGAR, PARMESAN CHEESE (PART-SKIM MILK, CHEESE CULTURE, SALT, ENZYMES), GARLIC*, GREEN ONION, SPICE, XANTHAN GUM, NATURAL FLAVOR, SPINACH EXTRACT, CILANTRO*, CITRIC ACID.',1,866508);
INSERT INTO public.food (food_id,food_title,food_description,food_ingredients,food_type_id,fdc_id) VALUES (182,'GLUTEN FREE ORGANIC CASSAVA FLOUR',NULL,'ORGANIC CASSAVA FLOUR.',1,802555);
INSERT INTO public.food (food_id,food_title,food_description,food_ingredients,food_type_id,fdc_id) VALUES (183,'BAHAMA SWEET ROLLS',NULL,'UNBLEACHED ENRICHED FLOUR (WHEAT FLOUR, MALTED BARLEY FLOUR, NIACIN, REDUCED IRON, THIAMIN MONONITRATE, RIBOFLAVIN, FOLIC ACID), SUGAR, MILK, WATER, BUTTER* (MADE FROM MILK), EGGS, YEAST, CONTAINS 2% OR LESS OF EACH OF THE FOLLOWING: YELLOW CORN FLOUR, WHEAT GLUTEN, POTATO FLOUR, SALT, CALCIUM SULFATE, DOUGH CONDITIONERS (CONTAINS ONE OR MORE OF THE FOLLOWING: SODIUM STEAROYL LACTYLATE, CALCIUM STEAROYL LACTYLATE, MONOGLYCERIDES, MONO- AND DIGLYCERIDES, DISTILLED MONOGLYCERIDES, CALCIUM PEROXIDE, CALCIUM IODATE, DATEM, ETHOXYLATED MONO- AND DIGLYCERIDES, ENZYMES, ASCORBIC ACID), SOY FLOUR, COLORED WITH ANNATTO EXTRACT AND TURMERIC OLEORESIN, SOY LECITHIN, CALCIUM CARBONATE, MONOCALCIUM PHOSPHATE, CALCIUM PROPIONATE (TO RETARD SPOILAGE).',1,867102);
INSERT INTO public.food (food_id,food_title,food_description,food_ingredients,food_type_id,fdc_id) VALUES (184,'Mollusks, oyster, eastern, farmed, cooked, dry heat',NULL,NULL,2,175173);
INSERT INTO public.food (food_id,food_title,food_description,food_ingredients,food_type_id,fdc_id) VALUES (185,'PUDDING, BUTTERSCOTCH',NULL,'WATER, NONFAT MILK, SUGAR, MODIFIED CORNSTARCH, PARTIALLY HYDROGENATED PALM OIL, LESS THAN 2% OF: CALCIUM CARBONATE, SALT, COLOR ADDED (CARAMEL COLOR, YELLOW 6, YELLOW 5), SODIUM STEAROYL LACTYLATE, DISODIUM PHOSPHATE, NATURAL AND ARTIFICIAL FLAVOR.',1,658748);
INSERT INTO public.food (food_id,food_title,food_description,food_ingredients,food_type_id,fdc_id) VALUES (186,'Beans and tomatoes, NS as to fat added in cooking',NULL,NULL,3,784225);
INSERT INTO public.food (food_id,food_title,food_description,food_ingredients,food_type_id,fdc_id) VALUES (187,'VLASIC, SWEET GHERKINS',NULL,'CUCUMBERS, HIGH FRUCTOSE CORN SYRUP, WATER, DISTILLED VINEGAR, SALT, CALCIUM CHLORIDE, NATURAL FLAVOR, ALUM, POLYSORBATE 80, YELLOW 5.',1,406402);
INSERT INTO public.food (food_id,food_title,food_description,food_ingredients,food_type_id,fdc_id) VALUES (188,'BERRY BLISS FLAVORED BLEND OF 7 JUICES FROM CONCENTRATE WITH FILTERED WATER, BERRY BLISS',NULL,'FILTERED WATER, VEGETABLE JUICE (WATER AND CONCENTRATED JUICES OF SWEET POTATOES, PURPLE CARROTS, CARROTS), FRUIT JUICE (WATER AND CONCENTRATED JUICES OF APPLES, WHITE GRAPES, BLUEBERRIES, RED RASPBERRIES), NATURAL FLAVORING, MALIC ACID, BETA CAROTENE, VITAMIN C (ASCORBIC ACID).',1,991233);
INSERT INTO public.food (food_id,food_title,food_description,food_ingredients,food_type_id,fdc_id) VALUES (190,'WAYMOUTH FARMS, SWEET AND SALTY CANDY CORN MIX',NULL,'CANDY CORN ]SUGAR, CORN SYRUP, CONTAINS LESS THAN 2% OF THE FOLLOWING: SALT, GLYCERINE, EGG WHITES, CONFECTIONER''S GLAZE, NATURAL AND ARTIFICIAL FLAVORS, MINERAL OIL, HONEY, CARNAUBA WAX, COCONUT OIL, ARTIFICIAL COLORS (FD&C YELLOW #6, YELLOW #5, RED #40, BLUE #1)], PEANUTS [PEANUTS, VEGETABLE OIL (CANOLA, SUNFLOWER, AND/OR SOYBEAN), SALT].',1,432222);
INSERT INTO public.food (food_id,food_title,food_description,food_ingredients,food_type_id,fdc_id) VALUES (191,'RAW 16-20 WILD CAUGHT ARGENTINE RED SHRIMP',NULL,'ARGENTINE RED SHRIMP (PLEOTICUS MUELLERI), SODIUM METABISULFITE, SODIUM TRIPOLYPHOSPHATE (TO RETAIN MOISTURE).',1,569629);
INSERT INTO public.food (food_id,food_title,food_description,food_ingredients,food_type_id,fdc_id) VALUES (192,'BLACK CHERRY CONCENTRATE, BLACK CHERRY',NULL,'INGREDIENTS: FULL STRENGTH DARK SWEET CHERRY CONCENTRATE',1,949368);
INSERT INTO public.food (food_id,food_title,food_description,food_ingredients,food_type_id,fdc_id) VALUES (193,'TOMATO PASTE',NULL,'TOMATO PULP, CITRIC ACID.',1,571354);
INSERT INTO public.food (food_id,food_title,food_description,food_ingredients,food_type_id,fdc_id) VALUES (194,'HUNTS Spicy Spaghetti Sauce, 24 OZ',NULL,'Tomato Puree (Water, Tomato Paste), Water, Less than 2% of: High Fructose Corn Syrup, Soybean Oil, Salt, Corn Syrup, Carrot Fiber, Sugar, Olive Oil, Dried Garlic, Dried Chili Pepper, Spices, Crushed Red Pepper, Citric Acid, Sesame Seed Oil, Natural Flavor.',1,606138);
INSERT INTO public.food (food_id,food_title,food_description,food_ingredients,food_type_id,fdc_id) VALUES (195,'V8 SPLASH BEVERAGE TROPICAL',NULL,'INGREDIENTS: WATER, HIGH FRUCTOSE CORN SYRUP, VEGETABLE JUICE (WATER AND CONCENTRATED JUICE OF CARROTS), MALIC ACID, FRUIT JUICE (WATER AND CONCENTRATED JUICES OF APPLES, PINEAPPLES, KIWIS, LIMES), NATURAL FLAVORING, VITAMIN C (ASCORBIC ACID), MANGO PUREE, SUCRALOSE, NIACINAMIDE (VITAMIN B3), PYRIDOXINE HYDROCHLORIDE (VITAMIN B6), CYANOCOBALAMIN (VITAMIN B12).',1,810354);
INSERT INTO public.food (food_id,food_title,food_description,food_ingredients,food_type_id,fdc_id) VALUES (196,'POLISH BRAND SAUSAGE',NULL,'MECHANICALLY SEPARATED CHICKEN, PORK, WATER, SALT, CONTAINS 2% OR LESS CORN SYRUP, POTASSIUM LACTATE, DEXTROSE, BEEF, FLAVORINGS, MONOSODIUM GLUTAMATE, SODIUM DIACETATE, HICKORY SMOKE FLAVORING, SODIUM ERYTHORBATE, SODIUM NITRITE, COLLAGEN, CASING COLORED WITH FD&C RED NO. 3, ANNATTO, CARAMEL',1,478726);
INSERT INTO public.food (food_id,food_title,food_description,food_ingredients,food_type_id,fdc_id) VALUES (197,'BUTTERNUT SQUASH PASTA SAUCE',NULL,'BUTTERNUT SQUASH, WATER, TOMATO PASTE, ORGANIC SUGAR, BUTTER, RED PEPPERS, FRESH CELERY, FRESH ONIONS, GARLIC, SEA SALT, CITRIC ACID, BLACK PEPPER, RED PEPPER.',1,366678);
INSERT INTO public.food (food_id,food_title,food_description,food_ingredients,food_type_id,fdc_id) VALUES (198,'DIYA, WHOLE MOONG',NULL,'GREEN GRAM WHOLE',1,445239);
INSERT INTO public.food (food_id,food_title,food_description,food_ingredients,food_type_id,fdc_id) VALUES (199,'BEEF FRANKS, BEEF',NULL,'BEEF, WATER, CONTAINS 2% OR LESS: CORN SYRUP, FLAVORINGS, SALT, DEXTROSE, POTASSIUM CHLORIDE, MODIFIED FOOD STARCH, MALTODEXTRIN, HYDROLYZED SOY PROTEIN, SODIUM PHOSPHATE, PAPRIKA, SODIUM ASCORBATE, SODIUM NITRITE, EXTRACT OF PAPRIKA.',1,725560);
INSERT INTO public.food (food_id,food_title,food_description,food_ingredients,food_type_id,fdc_id) VALUES (200,'CAFFEINE FREE SODA, LEMON-LIME',NULL,'CARBONATED WATER, HIGH FRUCTOSE CORN SYRUP, CITRIC ACID, SODIUM CITRATE, SODIUM BENZOATE (AS A PRESERVATIVE), NATURAL FLAVOR.',1,830582);
INSERT INTO public.food (food_id,food_title,food_description,food_ingredients,food_type_id,fdc_id) VALUES (201,'THYME HONEY BALSAMIC VINAIGRETTE',NULL,'EXTRA VIRGIN OLIVE OIL, BALSAMIC VINEGAR (CONTAINS SULFITES), THYME HONEY.',1,392828);
INSERT INTO public.food (food_id,food_title,food_description,food_ingredients,food_type_id,fdc_id) VALUES (202,'SALTED CARAMEL PLANT-BASED PROTEIN COOKIES, SALTED CARAMEL',NULL,'ENRICHED WHEAT FLOUR (WHEAT FLOUR, NIACIN, REDUCED IRON, THIAMINE MONONITRATE, RIBOFLAVIN, FOLIC ACID), PROTEIN BLEND (VITAL WHEAT GLUTEN, PEA PROTEIN, RICE PROTEIN), CHICORY ROOT FIBER, INVERT SYRUP, SALTED CARAMEL FLAVORED DROPS (SUGAR, PALM KERNEL AND PALM OIL, ANHYDROUS DEXTROSE, SALT, COCOA POWDER, SUNFLOWER LECITHIN [EMULSIFIER], NATURAL FLAVOR, PAPRIKA EXTRACT [COLOR]), CANE SUGAR, PALM FRUIT OIL, VEGETABLE GLYCERINE, COCOA PROCESSED WITH ALKALI, SUNFLOWER LECITHIN, MOLASSES, NATURAL FLAVORS, BAKING SODA, SEA SALT, XANTHAN GUM, GUAR GUM.',1,923070);
INSERT INTO public.food (food_id,food_title,food_description,food_ingredients,food_type_id,fdc_id) VALUES (203,'UNSWEETENED LEMON SPARKLING WATER, UNSWEETENED LEMON',NULL,'CARBONATED WATER, NATURAL FLAVOR.',1,673172);
INSERT INTO public.food (food_id,food_title,food_description,food_ingredients,food_type_id,fdc_id) VALUES (204,'PEPPERED JERKY',NULL,'PORK, BEEF, SUGAR, SALT, LESS THAN 2% OF WATER, BLACK PEPPER, FLAVORINGS, MONOSODIUM GLUTAMATE, CITRIC ACID, SODIUM NITRITE.',1,455655);
INSERT INTO public.food (food_id,food_title,food_description,food_ingredients,food_type_id,fdc_id) VALUES (205,'GRASS FED CREAM TOP YOGURT',NULL,'GRADE A PASTEURIZED GRASS BASED WHOLE MILK, PEAR JUICE, HONEY, NATURAL PEAR FLAVOR AND LIVE ACTIVE CULTURES: S. THERMOPHILUS, L. BULGARICUS, L. ACIDOPHILUS AND BIFIDUS.',1,375759);
INSERT INTO public.food (food_id,food_title,food_description,food_ingredients,food_type_id,fdc_id) VALUES (206,'MOVE OVER BUTTER Whipped Vegetable Oil Spread With Sweet Cream Buttermilk, 10.05-oz. Tub, 10.05 OZ',NULL,'Soybean Oil, Water,  Sweet Cream Buttermilk (Water, Sweet Cream Buttermilk Powder), Palm Oil, Palm Kernel Oil, less than 2% of: Salt, Emulsifiers (Mono- and Diglycerides, Soy Lecithin), Fractionated Palm Oil,  Preservatives (Potassium Sorbate, Sodium Benzoate), Phosphoric Acid, Vitamin A Palmitate, Natural and Artificial Flavor, Beta Carotene (Color), Vitamin D3 (Cholecalciferol). CONTAINS: MILK, SOY.',1,607550);
INSERT INTO public.food (food_id,food_title,food_description,food_ingredients,food_type_id,fdc_id) VALUES (207,'CHOCOLATE ICE CREAM',NULL,'CREAM, MILK, MARSHMALLOW SAUCE (WATER, DEXTROSE, SUGAR, CORN STARCH, SOY PROTEIN CONCENTRATE, ARTIFICIAL COLOR, CARRAGEENAN, NATURAL FLAVORS, SALT), FUDGE SAUCE {SUGAR, MILK, SKIM MILK, COCOA, UNSWEETENED CHOCOLATE, BUTTER (CREAM, SALT), CORN STARCH, SALT, SOY LECITHIN, PECTIN, VANILLA, BAKING SODA, XANTHAN GUM, CITRIC ACID}, SKIM MILK, SUGAR, COCOA, EGG YOLKS, CAROB BEAN GUM, GUAR GUM, CARRAGEENAN.',1,477113);
INSERT INTO public.food (food_id,food_title,food_description,food_ingredients,food_type_id,fdc_id) VALUES (208,'MARKET BASKET, BRAZIL NUTS RAW',NULL,'RAW BRAZIL NUTS',1,419629);
INSERT INTO public.food (food_id,food_title,food_description,food_ingredients,food_type_id,fdc_id) VALUES (209,'CANE SYRUP, MELAO',NULL,'BROWN SUGAR, FILTERED WATER, MOLASSES, XANTHAN GUM, SODIUM BENZOATE (AS A PRESERVATIVE),CITRIC ACID.',1,946450);
INSERT INTO public.food (food_id,food_title,food_description,food_ingredients,food_type_id,fdc_id) VALUES (210,'GOLDEN DOUBLE STUF SANDWICH COOKIES, GOLDEN DOUBLE STUF',NULL,'SUGAR, UNBLEACHED ENRICHED FLOUR (WHEAT FLOUR, NIACIN, REDUCED IRON, THIAMINE MONONITRATE {VITAMIN B1}, RIBOFLAVIN {VITAMIN B2}, FOLIC ACID), PALM AND/OR CANOLA OIL, HIGH FRUCTOSE CORN SYRUP, SALT, BAKING SODA, SOY LECITHIN, ARTIFICIAL FLAVOR, NATURAL FLAVOR.',1,862080);
INSERT INTO public.food (food_id,food_title,food_description,food_ingredients,food_type_id,fdc_id) VALUES (211,'CREAM CHEESE SALSA DIP',NULL,'CREAM CHEESE (PASTEURIZED CULTURED MILK AND CREAM, SALT, XANTHAN AND/OR GUAR AND/OR CAROB BEAN GUMS), TOMATO, WATER, SALSA MIX (DEHYDRATED ONION, SALT, MALTODEXTRIN, DEHYDRATED GREEN BELL PEPPER, FRUCTOSE, SUGAR, DEHYDRATED JALAPENO PEPPER, MODIFIED FOOD STARCH, DEHYDRATED CILANTRO, ASCORBIC ACID AND VINEGAR SOLIDS), SUGAR, MODIFIED FOOD STARCH, GARLIC POWDER, ONION POWDER, CHILI POWDER, CHIPOTLE POWDER, CELERY, CITRIC ACID, POTASSIUM SORBATE (TO PRESERVE FRESHNESS), XANTHAN & GUAR GUMS.',1,442415);
INSERT INTO public.food (food_id,food_title,food_description,food_ingredients,food_type_id,fdc_id) VALUES (212,'BEEF SPICY STICK',NULL,'GRASS-FED AND GRASS-FINISHED BEEF, HONEY, LEMON PEEL, SEA SALT, DRIED JALAPENO FLAKES, ENCAPSULATED LACTIC ACID, CHILI PEPPER, CELERY JUICE (CELERY, SEA SALT), GARLIC, ONION, WHITE PEPPER, GINGER, BLACK PEPPER, IN COLLAGEN CASING',1,523418);
INSERT INTO public.food (food_id,food_title,food_description,food_ingredients,food_type_id,fdc_id) VALUES (213,'PURE GRANULATED SUGAR',NULL,'SUGAR.',1,603105);
INSERT INTO public.food (food_id,food_title,food_description,food_ingredients,food_type_id,fdc_id) VALUES (214,'HARMLESS HAM',NULL,'WATER, VITAL WHEAT GLUTEN, ONIONS, NATURAL FLAVOR, NATURAL HICKORY SMOKE FLAVOR, MAPLE SYRUP1, APPLE CIDER VINEGAR1, CANOLA OIL3, SEA SALT, GARLIC, NUTRITIONAL YEAST1, WHITE PEPPER, SPICES, SMOKED PAPRIKA, DRIED PURPLE CARROT COLOR, CITRIC ACID, CLOVE.',1,882264);
INSERT INTO public.food (food_id,food_title,food_description,food_ingredients,food_type_id,fdc_id) VALUES (215,'CHIA SEEDS',NULL,'CHIA SEEDS.',1,825804);
INSERT INTO public.food (food_id,food_title,food_description,food_ingredients,food_type_id,fdc_id) VALUES (216,'FROSTED BLUEBERRIFIC CRISPS, FROSTED BLUEBERRIFIC',NULL,'WHOLE WHEAT FLOUR, SUGAR, ENRICHED FLOUR (WHEAT FLOUR, NIACIN, REDUCED IRON, VITAMIN B1 [THIAMIN MONONITRATE], VITAMIN B2 [RIBOFLAVIN], FOLIC ACID), VEGETABLE OIL (SOYBEAN, PALM AND/OR PALM KERNEL OIL), GLYCERIN, FRUCTOSE, DEXTROSE, MALTODEXTRIN. CONTAINS 2% OR LESS OF BLUEBERRY PUREE CONCENTRATE, APPLE POWDER, NONFAT MILK, REDUCED MINERALS WHEY, MODIFIED CORN STARCH, CORNSTARCH, INVERT SUGAR, LEAVENING (BAKING SODA, SODIUM ACID PYROPHOSPHATE, MONOCALCIUM PHOSPHATE), SOY LECITHIN, SALT, NATURAL AND ARTIFICIAL FLAVORS, CELLULOSE GEL, DATEM, CITRIC ACID, MALIC ACID, SODIUM CITRATE, YELLOW CORN FLOUR, COLOR ADDED, CELLULOSE GUM, MONO- AND DIGLYCERIDES, SODIUM ALGINATE, TRICALCIUM PHOSPHATE, XANTHAN GUM, TURMERIC EXTRACT COLOR, RED 40, BLUE 1, BLUE 2, BHT FOR FRESHNESS.',1,943056);
INSERT INTO public.food (food_id,food_title,food_description,food_ingredients,food_type_id,fdc_id) VALUES (217,'Oui by Yoplait Pineapple French Style Yogurt',NULL,'PASTEURIZED GRADE A MILK, CANE SUGAR, PINEAPPLE, PECTIN, NATURAL FLAVOR, PUMPKIN JUICE (FOR COLOR), YOGURT CULTURES (L. BULGARICUS, S. THERMOPHILUS).',1,350358);
INSERT INTO public.food (food_id,food_title,food_description,food_ingredients,food_type_id,fdc_id) VALUES (218,'VANILLA ORIGINAL NUTRITION SHAKE',NULL,'WATER, CORN MALTODEXTRIN, SUGAR, MILK PROTEIN, BLEND OF VEGETABLE OILS (CANOLA, CORN), SOY PROTEIN ISOLATE, NONFAT MILK, LESS THAN 0.5% OF: MAGNESIUM PHOSPHATE, POTASSIUM CITRATE, NATURAL AND ARTIFICIAL FLAVOR, CELLULOSE GEL, SALT, CALCIUM CARBONATE, CALCIUM PHOSPHATE, CHOLINE CHLORIDE, ASCORBIC ACID, SODIUM CITRATE, CELLULOSE GUM, POTASSIUM CHLORIDE, MONOGLYCERIDES, SOY LECITHIN, CARRAGEENAN, POTASSIUM HYDROXIDE, SUCRALOSE, FERROUS SULFATE, ZINC SULFATE, ACESULFAME POTASSIUM, DL-ALPHA-TOCOPHERYL ACETATE, NIACINAMIDE, MANGANESE SULFATE, CALCIUM PANTOTHENATE, CUPRIC SULFATE, THIAMINE HYDROCHLORIDE, PYRIDOXINE HYDROCHLORIDE, VITAMIN A PALMITATE, RIBOFLAVIN, CHROMIUM CHLORIDE, FOLIC ACID, BIOTIN, SODIUM MOLYBDATE, POTASSIUM IODIDE, SODIUM SELENITE, PHYLLOQUINONE, VITAMIN D3, VITAMIN B12.',1,669926);
INSERT INTO public.food (food_id,food_title,food_description,food_ingredients,food_type_id,fdc_id) VALUES (219,'Sugar substitute, saccharin, liquid',NULL,NULL,3,789107);
INSERT INTO public.food (food_id,food_title,food_description,food_ingredients,food_type_id,fdc_id) VALUES (273,'ZERO ORIGINAL CALORIE COLA, ORIGINAL',NULL,'CARBONATED WATER, CARAMEL COLOR, NATURAL FLAVOR, PHOSPHORIC ACID, POTASSIUM CITRATE, ASPARTAME, POTASSIUM BENZOATE (PRESERVATIVE), ACESULFAME POTASSIUM, CAFFEINE (34MG PER SERVING), CITRIC ACID.',1,830460);
INSERT INTO public.food (food_id,food_title,food_description,food_ingredients,food_type_id,fdc_id) VALUES (220,'VEGETABLE SOUP',NULL,'WATER, TOMATO PUREE (WATER, TOMATO PASTE)*, DICED CELERY*, CARROTS*, TOMATOES*, CORN*, CUT GREEN BEANS*, PEAS*, POTATOES*. CONTAINS LESS THAN 1% OF: SEA SALT, CORN STARCH*, ONION POWDER*, RED BELL PEPPER*, GARLIC POWDER*, BASIL*, BLACK PEPPER*, CITRIC ACID, OREGANO*, CALCIUM CHLORIDE.',1,501857);
INSERT INTO public.food (food_id,food_title,food_description,food_ingredients,food_type_id,fdc_id) VALUES (221,'Morningstar Farms Veggie Burgers Spicy Chipotle Black Bean 4.25oz 48ct',NULL,'ONIONS, COOKED BLACK BEANS (BLACK BEANS, WATER), HYDRATED WHEAT GLUTEN (WATER, WHEAT GLUTEN), COOKED BROWN RICE (WATER, BROWN RICE), WHOLE KERNEL CORN, CORN OIL, SOY PROTEIN CONCENTRATE, DICED TOMATOES, WATER, GREEN CHILES, EGG WHITES, BULGUR WHEAT, CALCIUM CASEINATE, CONTAINS TWO PERCENT OR LESS OF CORNSTARCH, ONION POWDER, GREEN BELL PEPPERS, SPICES, RED BELL PEPPERS, CILANTRO, TOMATO JUICE, SALT, YEAST EXTRACT, TOMATO POWDER, DEXTROSE, GARLIC POWDER, CHIPOTLE PEPPER, HYDROLYZED VEGETABLE PROTEIN (CORN GLUTEN, WHEAT GLUTEN, SOY PROTEIN), SOY SAUCE (SOYBEANS, WHEAT, SALT), VINEGAR, NATURAL AND ARTIFICIAL FLAVORS, JALAPENO PEPPERS, RED PEPPER, GREEN PEPPER JUICE, GARLIC JUICE, DISODIUM INOSINATE, CARAMEL COLOR, THIAMIN HYDROCHLORIDE, LIME JUICE, LACTIC ACID.',1,758040);
INSERT INTO public.food (food_id,food_title,food_description,food_ingredients,food_type_id,fdc_id) VALUES (222,'RICOTTA PART-SKIM CHEESE, RICOTTA',NULL,'PASTEURIZED WHEY, PASTEURIZED MILK, VINEGAR, STABILIZER (MODIFIED FOOD STARCH, GUAR GUM, CARRAGEENAN), SALT.',1,866694);
INSERT INTO public.food (food_id,food_title,food_description,food_ingredients,food_type_id,fdc_id) VALUES (223,'AMERICAN SINGLES PASTEURIZED PROCESS CHEESE FOOD, AMERICAN',NULL,'AMERICAN CHEESE (MILK, CHEESE CULTURE, SALT, ENZYMES), WATER, CREAM, WHEY, SODIUM CITRATE, TRICALCIUM PHOSPHATE, SALT, SORBIC ACID (PRESERVATIVE), LACTIC ACID, ANNATTO AND OLEORESIN OF PAPRIKA (COLOR).',1,926180);
INSERT INTO public.food (food_id,food_title,food_description,food_ingredients,food_type_id,fdc_id) VALUES (224,'CANOLA OIL NON-STICK COOKING SPRAY',NULL,'CANOLA OIL*, SOY LECITHIN, DIMETHYL SILICONE (FOR ANTI-FOAMING).',1,900158);
INSERT INTO public.food (food_id,food_title,food_description,food_ingredients,food_type_id,fdc_id) VALUES (225,'Beef sloppy joe, no bun',NULL,NULL,3,782839);
INSERT INTO public.food (food_id,food_title,food_description,food_ingredients,food_type_id,fdc_id) VALUES (226,'SPARTAN, BBQ SAUCE',NULL,'HIGH FRUCTOSE CORN SYRUP, DISTILLED VINEGAR, TOMATO PASTE, WATER, MODIFIED FOOD STARCH, CONTAINS LESS THAN 2% SALT, PINEAPPLE JUICE CONCENTRATE, NATURAL SMOKE FLAVOR, SPICES, CARAMEL COLOR, SODIUM BENZOATE (AS A PRESERVATIVE), MOLASSES, CORN SYRUP, GARLIC*, SUGAR, TAMARIND, NATURAL FLAVOR',1,393655);
INSERT INTO public.food (food_id,food_title,food_description,food_ingredients,food_type_id,fdc_id) VALUES (227,'LIGHT ALOE VERA JUICE DRINK',NULL,'WATER, ALOE VERA JUICE, ALOE VERA PULP, CANE SUGAR, HONEY, CITRIC ACID, NATURAL FLAVORS, ERYTHRITOL, ASCORBIC ACID, STEVIA LEAF EXTRACT',1,543904);
INSERT INTO public.food (food_id,food_title,food_description,food_ingredients,food_type_id,fdc_id) VALUES (228,'Rockstar Pure Zero Silver Ice Energy Drink 16 Fluid Ounce Aluminum Can',NULL,'Ingredients: Carbonated Water, Citric Acid, Erythritol, Taurine, Sodium Citrate, Benzoic Acid (Preservative), Caffeine, Acesulfame Potassium, Glucuronolactone, Sucralose, Sorbic Acid (Preservative), Pantothenic Acid, Niacinamide, Inositol, Natural Flavor, Milk Thistle Extract, Gum Arabic, Ester Gum, Pyridoxine Hydrochloride, Panax Ginseng Root Extract, Guarana Seed Extract, Caramel Color, Cyanocobalamin.',1,351852);
INSERT INTO public.food (food_id,food_title,food_description,food_ingredients,food_type_id,fdc_id) VALUES (229,'PASTA SAUCE, MEAT',NULL,'TOMATO PUREE (WATER, TOMATO PASTE, CITRIC ACID), SUGAR, GROUND BEEF, SOYBEAN OIL, SALT, DRIED ONION, EXTRA VIRGIN OLIVE OIL, SPICES, PECORINO ROMANO CHEESE (SHEEP''S MILK, CHEESE CULTURES, SLAT, ENZYMES), DRIED GARLIC.',1,640046);
INSERT INTO public.food (food_id,food_title,food_description,food_ingredients,food_type_id,fdc_id) VALUES (230,'MACKEREL IN BRINE',NULL,'MACKEREL, WATER, AND SALT.',1,961047);
INSERT INTO public.food (food_id,food_title,food_description,food_ingredients,food_type_id,fdc_id) VALUES (231,'CORN PUFFS',NULL,'CORN MEAL, VEGETABLE OIL (CONTAINS ONE OR MORE OF THE FOLLOWING: CORN AND/OR CANOLA OIL), WHEY, MALTODEXTRIN, REDUCED LACTOSE WHEY, CHEESE [CHEDDAR AND BLUE CHEESE (CULTURED MILK, SALT, ENZYMES)], SALT, DISODIUM PHOSPHATE, CITRIC ACID, LACTIC ACID, ARTIFICIAL COLOR (INCLUDING: FD&C YELLOW #6, AND FD&C YELLOW #5).',1,554551);
INSERT INTO public.food (food_id,food_title,food_description,food_ingredients,food_type_id,fdc_id) VALUES (232,'CHOCOLATE ICE CREAM, CHOCOLATE',NULL,'MILKFAT AND NONFAT MILK, SWEET CREAM BUTTERMILK, HIGH FRUCTOSE CORN SYRUP, SUGAR, WHEY, CORN SYRUP, COCOA (PROCESSED WITH ALKALI), CONTAINS LESS THAN 2% OF MONO AND DIGLYCERIDES, GUAR GUM, CALCIUM SULFATE, CAROB BEAN GUM, CARRAGEENAN.',1,622000);
INSERT INTO public.food (food_id,food_title,food_description,food_ingredients,food_type_id,fdc_id) VALUES (233,'Red kidney beans, canned, drained, low sodium, fat not added in cooking',NULL,NULL,3,784207);
INSERT INTO public.food (food_id,food_title,food_description,food_ingredients,food_type_id,fdc_id) VALUES (234,'DRAGONFLY, GUAVA TEA',NULL,'DRIED GUAVA 95%, STEVIA REBAUDIANA 5%.',1,402062);
INSERT INTO public.food (food_id,food_title,food_description,food_ingredients,food_type_id,fdc_id) VALUES (235,'YUKON GOLD MASHED POTATOES',NULL,'YUKON GOLD POTATOES (POTATOES, CITRIC ACID), WATER, CREAM (MILK), SALTED BUTTER (CREAM [MILK], SALT), CORNSTARCH, SEA SALT, BLACK PEPPER.',1,449899);
INSERT INTO public.food (food_id,food_title,food_description,food_ingredients,food_type_id,fdc_id) VALUES (236,'Tocopherols, Peanut butter, creamy, store brand/other brand, GREAT VALUE (AL,OK) - NFY120CB9',NULL,NULL,4,324808);
INSERT INTO public.food (food_id,food_title,food_description,food_ingredients,food_type_id,fdc_id) VALUES (237,'WILD CAUGHT SOCKEYE SALMON',NULL,'SOCKEYE SALMON (CONTAINS FISH)',1,516107);
INSERT INTO public.food (food_id,food_title,food_description,food_ingredients,food_type_id,fdc_id) VALUES (238,'TURKEY BREAKFAST SAUSAGE, JENNIE O - MILD',NULL,NULL,4,325987);
INSERT INTO public.food (food_id,food_title,food_description,food_ingredients,food_type_id,fdc_id) VALUES (239,'BREAD & BUTTER SANDWICH SLICES, BREAD & BUTTER',NULL,'FRESH CUCUMBERS, HIGH FRUCTOSE CORN SYRUP, WATER, VINEGAR, CONTAINS LESS THAN 2% OF SALT, SPICES (CONTAINS MUSTARD AND CELERY), CALCIUM CHLORIDE, YELLOW 5, NATURAL FLAVOR, POLYSORBATE 80.',1,955645);
INSERT INTO public.food (food_id,food_title,food_description,food_ingredients,food_type_id,fdc_id) VALUES (240,'HONEY BARBECUE CHICKEN SAUSAGE',NULL,'SKINLESS CHICKEN, TOMATO PASTE, HONEY, SEA SALT, VINEGAR, SUGAR, GARLIC, SMOKED PAPRIKA, ONION, GROUND MUSTARD, CHILI POWDER.',1,587982);
INSERT INTO public.food (food_id,food_title,food_description,food_ingredients,food_type_id,fdc_id) VALUES (241,'ORGANIC SUPERGREENS POWDER',NULL,'ORGANIC WHEAT GRASS, ORGANIC KALE, ORGANIC MORINGA, ORGANIC SPIRULINA',1,569470);
INSERT INTO public.food (food_id,food_title,food_description,food_ingredients,food_type_id,fdc_id) VALUES (242,'COD',NULL,'COD, ENRICHED WHEAT FLOUR (FLOUR, NIACIN, FERROUS SULFATE, THIAMINE MONONITRATE, RIBOFLAVIN, FOLIC ACID), BEER (BARLEY, HOPS, WATER, BREWER''S YEAST), VEGETABLE OIL (CANOLA, COTTONSEED, AND/OR SOYBEAN), ENRICHED WHEAT FLOUR (FLOUR, NIACIN, REDUCED IRON, THIAMINE MONONITRATE, RIBOFLAVIN, FOLIC ACID), MODIFIED CORN STARCH, YELLOW CORN FLOUR, CONTAINS 2% OR LESS OF: WATER, SALT, NATURAL FLAVORS, CORN STARCH, CANOLA AND/OR PALM AND/OR PALM KERNEL SHORTENING, LEAVENING (SODIUM ACID PYROPHOSPHATE, SODIUM BICARBONATE), EGG WHITE, DEFATTED SOY FLOUR, SUGAR, WHEY.',1,580979);
INSERT INTO public.food (food_id,food_title,food_description,food_ingredients,food_type_id,fdc_id) VALUES (243,'Quaker Kettle Corn Rice Crisps 3.52 Ounce Plastic Bag',NULL,'WHOLE GRAIN BROWN RICE FLOUR, DEGERMINATED MILLED CORN, SUGAR, CORN MALTODEXTRIN, SALT, SUNFLOWER OIL, NATURAL AND ARTIFICIAL FLAVOR, CARAMEL COLOR, TOCOPHEROLS (PRESERVATIVE).',1,761774);
INSERT INTO public.food (food_id,food_title,food_description,food_ingredients,food_type_id,fdc_id) VALUES (244,'PHILADELPHIA CREAM CHEESE-SOFT SWEET CHILI LIGHT 170 GR',NULL,'Ingredients: Medium fat soft cHEESE, invert sugar syrup, chilli peppers (2.5%), pineapple (1%), salt, mango (0.6%), stabilisers (locust bean gum, carrageenan), modified starch, acid (citric acid), spirit vinegar, sugar.',1,354552);
INSERT INTO public.food (food_id,food_title,food_description,food_ingredients,food_type_id,fdc_id) VALUES (245,'YELLOW SQUASH',NULL,'',1,452218);
INSERT INTO public.food (food_id,food_title,food_description,food_ingredients,food_type_id,fdc_id) VALUES (246,'UNSALTED BUTTER',NULL,'CREAM, NATURAL FLAVORS.',1,443540);
INSERT INTO public.food (food_id,food_title,food_description,food_ingredients,food_type_id,fdc_id) VALUES (247,'SPRING ONION MILD RICE NOODLE SOUP BOWL, SPRING ONION',NULL,'NOODLE: RICE, WATER. SEASONING: SUGAR, SEA SALT, YEAST EXTRACT, ONION, FRIED SHALLOT (SHALLOT, PALM OIL), SHALLOT, SPICE (INCLUDING TURMERIC), GARLIC, SILICON DIOXIDE (TO MAKE FREE FLOWING), CITRIC ACID. OIL PACKET: SOYBEAN OIL, GARLIC, RED CHILI PEPPER, ONION. VEGETABLE PACKET: SPRING ONION.',1,960221);
INSERT INTO public.food (food_id,food_title,food_description,food_ingredients,food_type_id,fdc_id) VALUES (248,'HARD-COOKED PEELED EGGS',NULL,'ORGANIC EGGS',1,586793);
INSERT INTO public.food (food_id,food_title,food_description,food_ingredients,food_type_id,fdc_id) VALUES (274,'POTATO CHIPS',NULL,'POTATOES, VEGETABLE OIL (CONTAINS ONE OR MORE OF THE FOLLOWING: CANOLA OIL, SAFFLOWER OIL AND/OR SUNFLOWER OIL), MALTODEXTRIN, SEA SALT, WHITE DISTILLED VINEGAR, CITRIC ACID.',1,551278);
INSERT INTO public.food (food_id,food_title,food_description,food_ingredients,food_type_id,fdc_id) VALUES (275,'ROASTED RED BELL PEPPER SLICES',NULL,'ROASTED RED PEPPERS, WATER, SALT, CITRIC ACID, CALCIUM CHLORIDE.',1,882474);
INSERT INTO public.food (food_id,food_title,food_description,food_ingredients,food_type_id,fdc_id) VALUES (276,'Crackers, rye, wafers, seasoned',NULL,NULL,2,172745);
INSERT INTO public.food (food_id,food_title,food_description,food_ingredients,food_type_id,fdc_id) VALUES (249,'BEEF & BEAN CHIMICHANGAS',NULL,'FILLING: WATER, BEEF, PINTO BEANS, CEREAL (DEGERMED YELLOW CORN, BLEACHED WHEAT FLOURS [NIACIN, REDUCED IRON, THIAMINE, MONONITRATE RIBOFLAVIN, FOLIC ACID] RICE, OAT FLOURS), TEXTURED VEGETABLE PROTEIN (SOY FLOUR, CARAMEL COLOR, ZINC OXIDE, FERROUS SULFATE, NIACINAMIDE, CALCIUM PANTOTHENATE, PYRIDOXINE HYDROCHLORIDE, RIBOFLAVIN, THIAMINE MONONITRATE, VITAMIN A PALMITATE, VITAMIN B12), SALT, DEHYDRATED ONION, JALAPENO PUREE (JALAPENO PEPPERS, WATER, CITRIC ACID), CHILI PEPPER, SPICES, GARLIC POWDER. TORTILLA: ENRICHED FLOUR (BLEACHED WHEAT FLOUR, NIACIN, IRON, THIAMINE MONONITRATE, RIBOFLAVIN, FOLIC ACID), WATER, CORN FLOUR (STONEGROUND CORN MASA FLOUR, TRACE OF LIME), VEGETABLE OIL (SOYBEAN, CANOLA, AND/OR CORN OIL), SALT, BAKING POWDER (SODIUM BICARBONATE, CORN STARCH, SODIUM ALUMINUM SULFATE, CALCIUM SULFATE, MONOCALCIUM PHOSPHATE), GUAR GUM, DOUGH CONDITIONER (SODIUM METABISULFITE, CORN STARCH, MICROCRYSTALLINE CELLULOSE, DICALCIUM PHOSPHATE). FRIED IN: VEGETABLE OIL (SOYBEAN, CANOLA AND/OR CORN OIL)',1,461839);
INSERT INTO public.food (food_id,food_title,food_description,food_ingredients,food_type_id,fdc_id) VALUES (250,'CHOCOLATE CARAMEL WHEY PROTEIN BAR, CHOCOLATE CARAMEL',NULL,'WHEY PROTEIN CRISP (WHEY PROTEIN CONCENTRATE, CORN STARCH, CALCIUM CARBONATE), CARAMEL (GLUCOSE SYRUP, SUGAR, PALM OIL, NONFAT MILK, GLYCERIN, BUTTER [CREAM, SALT], DRY WHEY, CORN STARCH, SALT, MONO AND DIGLYCERIDES, NATURAL FLAVOR, SOY LECITHIN), CHOCOLATE FLAVORED COATING (SUGAR, VEGETABLE OIL [PALM KERNEL AND PALM OIL], WHEY PROTEIN ISOLATE, COCOA [PROCESSED WITH ALKALI], SOY LECITHIN, NATURAL FLAVOR), CORN SYRUP, BROWN SUGAR, GLYCERIN, MILK PROTEIN CONCENTRATE, INVERT SUGAR, VEGETABLE SHORTENING (PALM KERNEL OIL AND PALM OIL, CITRIC ACID), WATER, SALT, NATURAL FLAVOR, MIXED TOCOPHEROLS (PRESERVATIVE), CITRIC ACID.',1,654962);
INSERT INTO public.food (food_id,food_title,food_description,food_ingredients,food_type_id,fdc_id) VALUES (251,'Frostings, white, fluffy, dry mix',NULL,NULL,2,168803);
INSERT INTO public.food (food_id,food_title,food_description,food_ingredients,food_type_id,fdc_id) VALUES (252,'GLACEAU VITAMINWATER, NUTRIENT ENHANCED WATER BEVERAGE, GRAPE, GRAPE',NULL,'REVERSE OSMOSIS WATER, CRYSTALLINE FRUCTOSE, CANE SUGAR, LESS THAN 0.5% OF: NATURAL FLAVORS, VITAMIN C (ASCORBIC ACID), CITRIC ACID, VITAMIN E (ALPHA-TOCOPHERYL ACETATE), FRUIT AND VEGETABLE JUICE (COLOR), MAGNESIUM LACTATE AND CALCIUM LACTATE AND POTASSIUM PHOSPHATE (ELECTROLYTE SOURCES), VITAMIN B3 (NIACINAMIDE), VITAMIN B5 (CALCIUM PANTOTHENATE), VITAMIN B6 (PYRIDOXINE HYDROCHLORIDE), VITAMIN B12 (CYANOCOBALAMIN)',1,661746);
INSERT INTO public.food (food_id,food_title,food_description,food_ingredients,food_type_id,fdc_id) VALUES (253,'MILD CHEDDAR EXTRA THIN SLICED CHEESE, MILD CHEDDAR',NULL,'PASTEURIZED MILK, CHEESE CULTURE, SALT, ENZYMES (MICROBIAL), ANNATTO (VEGETABLE COLOR).',1,928004);
INSERT INTO public.food (food_id,food_title,food_description,food_ingredients,food_type_id,fdc_id) VALUES (254,'MULTIGRAIN PUFFINS CEREAL',NULL,'CORN FLOUR, WHOLE GRAIN BROWN RICE FLOUR, CANE SUGAR, WHOLE GRAIN OAT FLOUR, FRUCTOOLIGOSACCHARIDES, OAT HULL FIBER, CALCIUM CARBONATE, SEA SALT, NATURAL FLAVOR, CARAMEL COLOR, ANNATTO (FOR COLOR), TOCOPHEROLS (ANTIOXIDANTS TO MAINTAIN FRESHNESS).',1,799493);
INSERT INTO public.food (food_id,food_title,food_description,food_ingredients,food_type_id,fdc_id) VALUES (255,'PEANUT BUTTER & CHOCOLATE BROWNIE COLLECTION, PEANUT BUTTER & CHOCOLATE',NULL,'SUGAR, BLEACHED ENRICHED WHEAT FLOUR (WHEAT FLOUR, NIACIN, REDUCED IRON, THIAMINE MONONITRATE, RIBOFLAVIN, FOLIC ACID), SOYBEAN OIL, ICING SUGAR (SUGAR, CORNSTARCH), SHORTENING (CANOLA, PALM, FRACTIONATED PALM AND PALM KERNEL OILS, MONOGLYCERIDES, POLYSOR',1,689878);
INSERT INTO public.food (food_id,food_title,food_description,food_ingredients,food_type_id,fdc_id) VALUES (257,'100% RECONSTITUTED LEMON JUICE, LEMON',NULL,'WATER, LEMON JUICE CONCENTRATE, SODIUM BISULFITE (PRESERVATIVE), SODIUM BENZOATE (PRESERVATIVE), LEMON OIL.',1,833468);
INSERT INTO public.food (food_id,food_title,food_description,food_ingredients,food_type_id,fdc_id) VALUES (258,'LIME & GARLIC SALSA',NULL,'TOMATOES IN TOMATO JUICE, ONIONS, TOMATO PASTE, WATER, GREEN BELL PEPPERS, VINEGAR, CONTAINS 2% OR LESS OF: SALT, LIME JUICE CONCENTRATE, ROASTED GARLIC, SUGAR, JALAPENOS, ROASTED GARLIC POWDER, DEHYDRATED ONIONS, CALCIUM CHLORIDE, CITRIC ACID.',1,459924);
INSERT INTO public.food (food_id,food_title,food_description,food_ingredients,food_type_id,fdc_id) VALUES (259,'CUCUMBER TOMATO SALAD',NULL,'CUCUMBER, GRAPE TOMATOES, DRESSING (WATER, SOYBEAN OIL, WHITE WINE VINEGAR, SALT, EXTRA VIRGIN OLIVE OIL, CONTAINS LESS THAN 2% OF SUGAR, DEHYDRATED GARLIC, DEHYDRATED ONION, LEMON JUICE CONCENTRATE, GARLIC JUICE, SPICES, SODIUM BENZOATE AND POTASSIUM SORBATE [AS PRESERVATIVES], PROPYLENE GLYCOL ALGINATE, ONION JUICE, XANTHAN GUM, PARSLEY, CALCIUM DISODIUM EDTA ADDED TO PROTECT FLAVOR), FETA CHEESE (FETA CHEESE [PASTEURIZED MILK, SALT, CHEESE CULTURE, ENZYMES], POWDERED CELLULOSE AND POTATO STARCH [TO PREVENT CAKING], NATAMYCIN [A NATURAL MOLD INHIBITOR]), RED ONION.',1,727438);
INSERT INTO public.food (food_id,food_title,food_description,food_ingredients,food_type_id,fdc_id) VALUES (260,'MILD CHEDDAR CHEESE, MILD CHEDDAR',NULL,'PASTEURIZED MILK, CHEESE CULTURE, SALT, ENZYMES AND ANNATTO (VEGETABLE COLOR).',1,675230);
INSERT INTO public.food (food_id,food_title,food_description,food_ingredients,food_type_id,fdc_id) VALUES (261,'RANCH AND BACON PASTA SALAD KIT',NULL,'ENRICHED PASTA (WHEAT FLOUR, NIACIN, IRON, THIAMINE MONONITRATE RIBOFLAVIN, FOLIC ACID), MALTODEXTRIN, IMITATION BACON (SOY FLOUR, CARAMEL COLOR, SOYBEAN OIL, SALT, NATURAL FLAVORING), PEAS*, CARROT* WHEY (FROM MILK), YEAST EXTRACT, GARLIC*, SUGAR, CITRIC ACID, ONION*, NATURAL & ARTIFICIAL FLAVORS, MODIFIED FOOD STARCH, DEXTROSE, LACTIC ACID, LACTOSE (FROM MILK), PARSLEY*, XANTHAN GUM, VINEGAR, DISODIUM INOSINATE AND DISODIUM GUANYLATE, SALT, HYDROLYZED VEGETABLE PROTEIN, CARAMEL (COLOR).',1,803657);
INSERT INTO public.food (food_id,food_title,food_description,food_ingredients,food_type_id,fdc_id) VALUES (262,'PETITE DICED TOMATOES',NULL,'DICED TOMATOES, TOMATO JUICE, SALT, CALCIUM CHLORIDE, SALT, CALCIUM CHLORIDE, CITRIC ACID.',1,519540);
INSERT INTO public.food (food_id,food_title,food_description,food_ingredients,food_type_id,fdc_id) VALUES (263,'FRESH CHURNED BUTTER, HONEY BUTTER, STRAWBERRY',NULL,'BUTTER (CREAM, SALT), POWDERED SUGAR (SUGAR, CORNSTARCH), STRAWBERRY JUICE CONCENTRATE, HONEY, STRAWBERRY EXTRACT, CITRIC ACID (CONTAINS MILK)',1,864968);
INSERT INTO public.food (food_id,food_title,food_description,food_ingredients,food_type_id,fdc_id) VALUES (265,'DIET COLA',NULL,'CARBONATED WATER, CARAMEL COLOR, PHOSPHORIC ACID, POTASSIUM BENZOATE (PRESERVES FRESHNESS), SUCRALOSE, ACESULFAME POTASSIUM, CAFFEINE, NATURAL FLAVOR, CITRIC ACID.',1,978413);
INSERT INTO public.food (food_id,food_title,food_description,food_ingredients,food_type_id,fdc_id) VALUES (266,'TRADITIONAL CHUNKY PASTA SAUCE, TRADITIONAL',NULL,'TOMATO PUREE (WATER, TOMATO PASTE), SOYBEAN OIL, SUGAR, SALT, DEHYDRATED ONIONS, EXTRA VIRGIN OLIVE OIL, ROMANO CHEESE MADE FROM COW''S MILK (CULTURED PART-SKIM MILK, SALT, ENZYMES), SPICES, CITRIC ACID, NATURAL FLAVOR.',1,616828);
INSERT INTO public.food (food_id,food_title,food_description,food_ingredients,food_type_id,fdc_id) VALUES (267,'MOLASSES SOFT COOKIES, MOLASSES',NULL,'ENRICHED BLEACHED WHEAT FLOUR (WHEAT FLOUR, NIACIN, IRON, THIAMIN MONONITRATE, RIBOFLAVIN, FOLIC ACID), SUGAR, CANOLA AND/OR SOYBEAN AND/OR PALM OIL, MOLASSES, HIGH FRUCTOSE CORN SYRUP, RAISIN PASTE, CORN SYRUP, CONTAINS 2% OR LESS OF: EGGS, SALT, BAKING SODA, SPICE, SOY LECITHIN, DRIED WHEY.',1,874636);
INSERT INTO public.food (food_id,food_title,food_description,food_ingredients,food_type_id,fdc_id) VALUES (268,'MILK CHOCOLATE BAR',NULL,'MILK CHOCOLATE (SUGAR, COCOA BUTTER, COCOA MASS, WHOLE MILK POWDER, SOY LECITHIN [EMULSIFIER], AND NATURAL VANILLA EXTRACT), MAPLE SUGAR (MAPLE SYRUP), BISCUITS (ENRICHED WHEAT FLOUR, SUGAR, DEXTROSE, NONFAT DRY MILK, UNSALTED BUTTER, SALT, AND SUNFLOWER LECITHIN), AND MAPLE SYRUP.',1,583923);
INSERT INTO public.food (food_id,food_title,food_description,food_ingredients,food_type_id,fdc_id) VALUES (269,'CINNAMON SUGAR',NULL,'CINNAMON, SUGAR.',1,945962);
INSERT INTO public.food (food_id,food_title,food_description,food_ingredients,food_type_id,fdc_id) VALUES (270,'MACARONI WITH BEEF IN TOMATO SAUCE',NULL,'WATER, TOMATO PUREE, MACARONI PASTA (DURUM SEMOLINA), BEEF, SUGAR/GLUCOSE-FRUCTOSE, SALT, TEXTURED SOY PROTEIN, MODIFIED CORN STARCH, CHEESE FLAVOUR, DEHYDRATED ONIONS, SEASONING (CONTAINS SOYBEAN OIL), DEHYDRATED GARLIC. ',1,867350);
INSERT INTO public.food (food_id,food_title,food_description,food_ingredients,food_type_id,fdc_id) VALUES (271,'BRIGHT PINK CANDY WAFERS',NULL,'SUGAR, PALM KERNEL OIL AND HYDROGENATED PALM KERNEL OIL, REDUCED MINERAL WHEY POWDER, WHOLE MILK, NONFAT DRY MILK, SOYA LECITHIN (AN EMULSIFIER), SALT, ARTIFICIAL COLOR (RED #3) AND VANILLIN.',1,481742);
INSERT INTO public.food (food_id,food_title,food_description,food_ingredients,food_type_id,fdc_id) VALUES (272,'MEDIUM COUSCOUS',NULL,'MEDIUM COUSCOUS: UNENRICHED WHEAT SEMOLINA.',1,454127);
INSERT INTO public.food (food_id,food_title,food_description,food_ingredients,food_type_id,fdc_id) VALUES (277,'IMPERIAL NUTS, LOW SALT MIXED NUTS',NULL,'PEANUTS, CASHEWS, BRAZIL NUTS, ALMONDS, PECANS, ROASTED IN PEANUT AND/OR COTTONSEED AND/OR SUNFLOWER SEED AND/OR CANOLA OIL, SALT.',1,373407);
INSERT INTO public.food (food_id,food_title,food_description,food_ingredients,food_type_id,fdc_id) VALUES (278,'CARVED CHICKEN CLUB WITH BACON & RANCH DRESSING SANDWICH, CARVED CHICKEN CLUB',NULL,'SESAME SEMOLINA BREAD [ENRICHED WHEAT FLOUR (WHEAT FLOUR, MALTED BARLEY FLOUR, NIACIN, REDUCED IRON, THIAMINE MONONITRATE, RIBOFLAVIN, FOLIC ACID), WATER, SEMOLINA FLOUR, SESAME SEEDS, SOYBEAN OIL, SUGAR, WHEAT GLUTEN, SALT, POTATO FLOUR, WHEY (MILK), YEAST, DOUGH CONDITIONERS (DEXTROSE, DATEM, ENZYMES, ASCORBIC ACID, AZODICARBONAMIDE, L-CYSTEINE, MONO- AND DIGLYCERIDES, CITRIC ACID), CALCIUM PROPIONATE], CHICKEN CHICKEN, WATER, SEASONING (SODIUM ALGINATE, DEXTROSE, CALCIUM SULFATE, SODIUM PHOSPHATES), SEASONING (ENCAPSULATED SALT [SODIUM CHLORIDE AND PARTIALLY HYDROGENATED VEGETABLE OIL], SPICES, DEHYDRATED GARLIC, OLEORESIN PAPRIKA)], CHEDDAR CHEESE [CULTURED PASTEURIZED MILK, SALT, ENZYMES, ANNATTO (COLOR)], LIGHT RANCH DRESSING [BUTTERMILK, VEGETABLE OIL (SOYBEAN AND/OR CANOLA), WATER, EGG YOLK, CONTAINS LESS THAN 2% OF: SALT, NON FAT DRY MILK, MONOSODIUM GLUTAMATE, CREAM SOLIDS, SUGAR, LACTIC ACID, NATURAL FLAVOR (MILK), POTASSIUM SORBATE AS A PRESERVATIVE, DISTILLED VINEGAR, ONION, XANTHAN GUM, SPICES, GARLIC, MODIFIED FOOD STARCH, GUAR GUM, BETA CAROTENE], BACON [BACON CURED WITH: WATER, SALT, SODIUM PHOSPHATE, SODIUM ERYTHORBATE, SODIUM NITRITE MAY CONTAIN: SWEETENERS (CONTAINS BROWN SUGAR, DEXTROSE AND/OR SUGAR), SMOKE FLAVORING].',1,657544);
INSERT INTO public.food (food_id,food_title,food_description,food_ingredients,food_type_id,fdc_id) VALUES (279,'SICILIAN PITTED GREEN OLIVES',NULL,'NOCELLARA OLIVES, WATER, SALT, LACTIC ACID, ASCORBIC ACID.',1,604591);
INSERT INTO public.food (food_id,food_title,food_description,food_ingredients,food_type_id,fdc_id) VALUES (280,'SWISS ALMOND COLD PACK CHEESE SPREAD',NULL,'SWISS CHEESE (CULTURED PASTEURIZED MILK, SALT, ENZYMES), CHEDDAR CHEESE (CULTURED PASTEURIZED MILK, SALT, ENZYMES, CALCIUM CHLORIDE), WATER, CREAM, WHEY, REDUCED LACTOSE WHEY, ALMONDS, DEXTROSE, SORBIC ACID (TO PROTECT FLAVOR), SALT, GUAR GUM.',1,513182);
INSERT INTO public.food (food_id,food_title,food_description,food_ingredients,food_type_id,fdc_id) VALUES (281,'RASPBERRY PECAN FAT FREE DRESSING, RASPBERRY PECAN',NULL,'WATER, SUGAR, APPLE CIDER VINEGAR, MALTODEXTRIN, SALT, CONTAINS LESS THAN 2% OF CUCUMBER JUICE, DISTILLED VINEGAR, RASPBERRY JUICE CONCENTRATE, PECAN MEAL, ** XANTHAN GUM, CARRAGEENAN, ONION JUICE POWDER, POTASSIUM SORBATE AND SODIUM BENZOATE (PRESERVATIVES), SPICE, LEMON JUICE CONCENTRATE, GARLIC,* NATURAL AND ARTIFICIAL FLAVOR, RED 40, CALCIUM DISODIUM EDTA (TO PROTECT FLAVOR), BLUE 1.',1,828144);
INSERT INTO public.food (food_id,food_title,food_description,food_ingredients,food_type_id,fdc_id) VALUES (282,'ENCHILADA SAUCE',NULL,'WATER, RED CHILE PASTE, WHEAT FLOUR, VEGETABLE SHORTENING , SALT, TOMATO PASTE, SPICES, NATURAL COLOR GARLIC POWDER, RED COLOR # 40, CITRIC ACID.',1,541585);
INSERT INTO public.food (food_id,food_title,food_description,food_ingredients,food_type_id,fdc_id) VALUES (283,'LE SAUNIER DE CAMARGUE, SEA SALT',NULL,'SEA SALT.',1,374662);
INSERT INTO public.food (food_id,food_title,food_description,food_ingredients,food_type_id,fdc_id) VALUES (284,'ELBOWS BROWN RICE PASTA',NULL,'ORGANIC BROWN RICE FLOUR.',1,698884);
INSERT INTO public.food (food_id,food_title,food_description,food_ingredients,food_type_id,fdc_id) VALUES (285,'SHRIMP',NULL,'SHRIMP.',1,475343);
INSERT INTO public.food (food_id,food_title,food_description,food_ingredients,food_type_id,fdc_id) VALUES (286,'LINDT, HELLO MY NAME IS COFFEE BLAST',NULL,'SUGAR, COCOA BUTTER, PALM OIL, MILK, CHOCOLATE, SKIM MILK, CREAM, COFFEE, SOYA LECITHIN (EMULSIFIER), LACTOSE, NATURAL AND ARTIFICIAL FLAVORS, SALT.',1,390336);
INSERT INTO public.food (food_id,food_title,food_description,food_ingredients,food_type_id,fdc_id) VALUES (287,'SWEET POTATO FRIES',NULL,'SWEET POTATO, SUNFLOWER OIL, SALT PAPRIKA POWDER, NATURAL FLAVORS, SUGAR, POTATO MALTODEXTRIN, TOMATO POWDER, ONION POWDER, PRESERVATIVES (SODIUM DIACETATE), COLOR (PAPRIKA EXTRACT, CURCUMIN), ANTIOXIDANT (ALPHA-TOCOPHEROL).',1,561479);
INSERT INTO public.food (food_id,food_title,food_description,food_ingredients,food_type_id,fdc_id) VALUES (288,'NON-FAT DRINKABLE YOGURT',NULL,'PASTEURIZED SKIM MILK, CANE SUGAR, BLUEBERRIES, FRUIT PECTIN, LIVE ACTIVE CULTURES',1,489722);
INSERT INTO public.food (food_id,food_title,food_description,food_ingredients,food_type_id,fdc_id) VALUES (289,'ORGANIC YOGURT POUCH',NULL,'CULTURED ORGANIC MILK, ORGANIC CORN STARCH, CONTAINS LESS THAN 2% OF: ORGANIC EVAPORATED SUGAR CANE SYRUP, ORGANIC SUGAR, PECTIN, NATURAL FLAVOR, ORGANIC LEMON JUICE CONCENTRATE, ORGANIC VANILLA EXTRACT.',1,599707);
INSERT INTO public.food (food_id,food_title,food_description,food_ingredients,food_type_id,fdc_id) VALUES (290,'MAYONNAISE',NULL,'WATER, SOYBEAN OIL, MODIFIED FOOD STARCH, EGG YOLKS, DISTILLED AND CIDER VINEGAR, SUGAR, SALT, LEMON JUICE, SPICE, XANTHAN GUM, POTASSIUM SORBATE (PRESERVATIVE), DL-ALPHA-TOCOPHEROL ACETATE (VITAMIN E), BETA CAROTENE (COLOR), NATURAL FLAVORS, CALCIUM DISODIUM EDTA ADDED TO PROTECT FLAVOR.',1,573818);
INSERT INTO public.food (food_id,food_title,food_description,food_ingredients,food_type_id,fdc_id) VALUES (291,'Whole eggs',NULL,NULL,4,323587);
INSERT INTO public.food (food_id,food_title,food_description,food_ingredients,food_type_id,fdc_id) VALUES (292,'MUELLER''S, ROTINI, ENRICHED MACARONI PRODUCTS',NULL,'SEMOLINA, NIACIN, FERROUS SULFATE (IRON), THIAMIN MONONITRATE, RIBOFLAVIN, FOLIC ACID.',1,374044);
INSERT INTO public.food (food_id,food_title,food_description,food_ingredients,food_type_id,fdc_id) VALUES (293,'TRIDENT GUM PINEAPPLE TWIST SUGAR FREE1X14.000 PC',NULL,'INGREDIENTS: SORBITOL, GUM BASE, XYLITOL, GLYCERIN, NATURAL AND ARTIFICIAL FLAVOR; LESS THAN 2% OF: ACESULFAME POTASSIUM, ASPARTAME, BHT (TO MAINTAIN FRESHNESS), MANNITOL, SOY LECITHIN, YELLOW 5 LAKE.PHENYLKETONURICS: CONTAINS PHENYLALANINE',1,352663);
INSERT INTO public.food (food_id,food_title,food_description,food_ingredients,food_type_id,fdc_id) VALUES (294,'ORANGE THIRST QUENCHER POWDER, ORANGE',NULL,'SUGAR, DEXTROSE, CITRIC ACID, SALT, SODIUM CITRATE, MONOPOTASSIUM PHOSPHATE, MODIFIED FOOD STARCH, CALCIUM SILICATE, NATURAL FLAVOR, YELLOW 6.',1,662686);
INSERT INTO public.food (food_id,food_title,food_description,food_ingredients,food_type_id,fdc_id) VALUES (295,'EL VIAJERO, DOMINICAN STYLE FRYING CHEESE',NULL,'PASTEURIZED MILK, SAT, ENZYMES,CHEESE CULTURES (LACTIC STARTER, SOY PROTEIN).',1,409833);
INSERT INTO public.food (food_id,food_title,food_description,food_ingredients,food_type_id,fdc_id) VALUES (296,'HONEYCOMB DARK CHOCOLATE BAR',NULL,'PREMIUM 60% DARK CHOCOLATE (CACAO*, SUGAR*, CACAO BUTTER*, SUNFLOWER LECITHIN [AS AN EMULSIFIER], NATURAL VANILLA), HONEYCOMB (SUGAR*, CORN SYRUP, ORGANIC TROPICAL HONEY, WATER, BAKING SODA).',1,409971);
INSERT INTO public.food (food_id,food_title,food_description,food_ingredients,food_type_id,fdc_id) VALUES (297,'365 EVERYDAY VALUE, ORGANIC LONG GRAIN & WILD RICE',NULL,'ORGANIC PARBOILED LONG GRAIN WHITE RICE, ORGANIC WILD RICE, SALT, ORGANIC PARSLEY*, YEAST EXTRACT (NATURAL FLAVORS), ORGANIC DEXTROSE, ORGANIC DEHYDRATED GARLIC, ORGANIC ONION POWDER, ORGANIC CARAMELIZED SUGAR, ORGANIC MALTODEXTRIN**, ORGANIC TURMERIC, ORGANIC WHITE PEPPER.',1,390015);
INSERT INTO public.food (food_id,food_title,food_description,food_ingredients,food_type_id,fdc_id) VALUES (298,'RICE PILAF MIX',NULL,'PARBOILED LONG GRAIN RICE, ORZO (MACARONI PRODUCT MADE FROM WHEAT FLOUR), SALT, AUTOLYZED YEAST EXTRACT, ONIONS*, GARLIC*, TURMERIC SPICE WHICH IMPARTS COLOR.',1,477320);
INSERT INTO public.food (food_id,food_title,food_description,food_ingredients,food_type_id,fdc_id) VALUES (299,'Keebler Grahams Crackers Fiber Enrich Honey Graham .81oz',NULL,'GRAHAM FLOUR, ENRICHED FLOUR (WHEAT FLOUR, NIACIN, REDUCED IRON, VITAMIN B1 [THIAMIN MONONITRATE], VITAMIN B2 [RIBOFLAVIN], FOLIC ACID), SUGAR, CANOLA OIL, OAT FIBER, HONEY, CORN SYRUP, SOLUBLE CORN FIBER, CONTAINS 2% OR LESS OF LEAVENING (BAKING SODA, SODIUM ACID PYROPHOSPHATE, MONOCALCIUM PHOSPHATE), CALCIUM CARBONATE, MOLASSES, SALT, VITAMIN A PALMITATE, BHT FOR FRESHNESS, ARTIFICIAL FLAVOR, SOY LECITHIN.',1,345802);
INSERT INTO public.food (food_id,food_title,food_description,food_ingredients,food_type_id,fdc_id) VALUES (300,'CHEESE FLAVORED POPCORN',NULL,'POPCORN, VEGETABLE OIL (CONTAINS ONE OR MORE OF THE FOLLOWING, CANOLA OIL, COCONUT OIL, CORN OIL, SOYBEAN OIL), MALTODEXTRIN, WHEY, SALT, BUTTERMILK, CHEDDAR CHEESE (PASTEURIZED MILK, CHEESE CULTURES, SALT, ENZYMES), NATURAL FLAVOR, SODIUM PHOSPHATE, SODIUM CITRATE, SOY LECITHIN, ARTIFICIAL COLOR (YELLOW 5, YELLOW 6), AUTOLYZED YEAST EXTRACT.',1,363020);
INSERT INTO public.food (food_id,food_title,food_description,food_ingredients,food_type_id,fdc_id) VALUES (301,'SOUR NEON GUMMI BEARS',NULL,'CORN SYRUP, SUGAR, WATER, GELATIN FROM BEEF, MODIFIED STARCH, SORBITOL, CITRIC ACID, MALIC ACID, SODIUM HYDROGEN MALATE, COLORS (TITANIUM DIOXIDE, FD&C: RED 40, YELLOW 6, YELLOW 5, BLUE 1), NATURAL AND ARTIFICIAL FLAVORS.',1,696600);
INSERT INTO public.food (food_id,food_title,food_description,food_ingredients,food_type_id,fdc_id) VALUES (302,'CHICKEN & CHEESE TAQUITOS ROLLED IN FLOUR TORTILLAS, CHICKEN & CHEESE',NULL,'ENRICHED WHEAT FLOUR (WHEAT FLOUR, NIACIN, REDUCED IRON, THIAMIN MONONITRATE, RIBOFLAVN, FOLIC ACID), WATER, COOKED CHICKEN (CHICKEN, WATER, MODIFIED FOOD STARCH, SALT, SODIUM PHOSPHATE), SOYBEAN OIL, STONE-GROUND CORN MASA FLOUR (WITH TRACE OF LIME), SALSA (TOMATOES [DICED TOMATOES, TOMATO PUREE, CITRIC ACID], ROASTED JALAPENO PEPPER, WATER, ONIONS, TOMATO PASTE, SALT, DISTILLED VINEGAR, DEHYDRATED GARLIC, SUGAR, NATURAL FLAVORS), CHEDDAR CHEESE (PASTEURIZED MILK, CHEESE CULTURES, SALT, ENZYMES, ANNATTO), CONTAINS LESS THAN 2% OR: MONTEREY JACK CHEESE (PASTEURIZED MILK, CHEESE CULTURES, SALT, ENZYMES), GREEN CHILE PEPPERS (GREEN CHILES, CITRIC ACID), ONION, JALAPENO PEPPERS (JALAPENOS, SALT, VINEGAR), SEASONING BLEND (DEHYDRATED GARLIC AND ONION, PAPRIKA, SPICES, SALT), TEXTURED VEGETABLE PROTEIN (SOY FLOUR), MODIFIED FOOD STARCH, LEAVENING (SODIUM BICARBONATE, CORN STARCH, SODIUM ALUMINUM SULFATE, CALCIUM SULFATE, MONOCALCIUM PHOSPHATE), GUAR GUM, CALCIUM CARBONATE, CELLULOSE, L-CYSTEINE MONOHYDROCHLORIDE, SALT.',1,615808);
INSERT INTO public.food (food_id,food_title,food_description,food_ingredients,food_type_id,fdc_id) VALUES (303,'WHOLE PEELED TOMATOES MADE WITH SEA SALT, SEA SALT',NULL,'WHOLE TOMATOES, TOMATO JUICE, SEA SALT, CALCIUM CHLORIDE, SALT, CITRIC ACID.',1,814548);
INSERT INTO public.food (food_id,food_title,food_description,food_ingredients,food_type_id,fdc_id) VALUES (304,'ORIGINAL SYRUP, SWEET AND THICK',NULL,'CORN SYRUP, HIGH FRUCTOSE CORN SYRUP, WATER, ARTIFICIAL MAPLE FLAVOR, SALT, CARAMEL COLOR, AND POTASSIUM SORBATE (A PRESERVATIVE).',1,945710);
INSERT INTO public.food (food_id,food_title,food_description,food_ingredients,food_type_id,fdc_id) VALUES (305,'ENRICHED SPAGHETTI PRODUCT, THIN SPAGHETTI',NULL,'SEMOLINA, NIACIN, FERROUS LACTATE (IRON), THIAMINE MONONITRATE, RIBOFLAVIN, FOLIC ACID.',1,651838);
INSERT INTO public.food (food_id,food_title,food_description,food_ingredients,food_type_id,fdc_id) VALUES (306,'NEW ENGLAND STYLE CLAM CHOWDER TRADITIONAL SOUP, NEW ENGLAND STYLE CLAM CHOWDER',NULL,'WATER, POTATOES, CLAM MEAT, SOYBEAN OIL, CONTAINS LESS THAN 2% OF: MODIFIED CORN STARCH, CELERY, ONIONS, SALT, SOY PROTEIN CONCENTRATE, BUTTER (CREAM, SALT), CREAM, SUGAR, CLAM BASE (COOKED CLAMS, SALT, FLAVORINGS, UNSALTED BUTTER [CREAM, FLAVORING], POTATO FLOUR), CLAM EXTRACT, MONOSODIUM GLUTAMATE, CARRAGEENAN, PARSLEY FLAKES, ONION POWDER, SPICE, DISODIUM INOSINATE, DISODIUM GUANYLATE, BETA CAROTENE (FOR COLOR).',1,685456);
INSERT INTO public.food (food_id,food_title,food_description,food_ingredients,food_type_id,fdc_id) VALUES (307,'HARRIS TEETER ORGANICS, JUICE BLEND, ORANGE, PEACH, MANGO',NULL,'FILTERED WATER, ORGANIC ORANGE JUICE CONCENTRATE, ORGANIC APPLE JUICE CONCENTRATE, ORGANIC PEACH PUREE, ORGANIC PINEAPPLE JUICE CONCENTRATE, ORGANIC WHITE GRAPE JUICE CONCENTRATE, ORGANIC MANGO PUREE ASCORBIC ACID (VITAMIN C), NATURAL FLAVORS.',1,433623);
INSERT INTO public.food (food_id,food_title,food_description,food_ingredients,food_type_id,fdc_id) VALUES (309,'Sweet potato fries, frozen, baked',NULL,NULL,3,787668);
;


INSERT INTO public.nutrient_type (nutrient_type_id,nutrient_name,nutrient_number,unit_name) VALUES (1,'Potassium','306','mg');
INSERT INTO public.nutrient_type (nutrient_type_id,nutrient_name,nutrient_number,unit_name) VALUES (2,'Protein','203','g');
INSERT INTO public.nutrient_type (nutrient_type_id,nutrient_name,nutrient_number,unit_name) VALUES (3,'Fiber, total dietary','291','g');
INSERT INTO public.nutrient_type (nutrient_type_id,nutrient_name,nutrient_number,unit_name) VALUES (4,'Sugars, total','269','g');
INSERT INTO public.nutrient_type (nutrient_type_id,nutrient_name,nutrient_number,unit_name) VALUES (5,'Carbohydrate','205','g');
INSERT INTO public.nutrient_type (nutrient_type_id,nutrient_name,nutrient_number,unit_name) VALUES (6,'Iron','303','mg');
INSERT INTO public.nutrient_type (nutrient_type_id,nutrient_name,nutrient_number,unit_name) VALUES (7,'Energy','208','kcal');
INSERT INTO public.nutrient_type (nutrient_type_id,nutrient_name,nutrient_number,unit_name) VALUES (8,'Sodium','307','mg');
INSERT INTO public.nutrient_type (nutrient_type_id,nutrient_name,nutrient_number,unit_name) VALUES (9,'Total Fat','204','g');
INSERT INTO public.nutrient_type (nutrient_type_id,nutrient_name,nutrient_number,unit_name) VALUES (10,'Thiamin','404','mg');
INSERT INTO public.nutrient_type (nutrient_type_id,nutrient_name,nutrient_number,unit_name) VALUES (11,'Cholesterol','601','mg');
INSERT INTO public.nutrient_type (nutrient_type_id,nutrient_name,nutrient_number,unit_name) VALUES (12,'Calcium','301','mg');
INSERT INTO public.nutrient_type (nutrient_type_id,nutrient_name,nutrient_number,unit_name) VALUES (13,'Riboflavin','405','mg');
INSERT INTO public.nutrient_type (nutrient_type_id,nutrient_name,nutrient_number,unit_name) VALUES (14,'Vitamin A, IU','318','iu');
INSERT INTO public.nutrient_type (nutrient_type_id,nutrient_name,nutrient_number,unit_name) VALUES (15,'Niacin','406','mg');
INSERT INTO public.nutrient_type (nutrient_type_id,nutrient_name,nutrient_number,unit_name) VALUES (16,'Vitamin C','401','mg');
INSERT INTO public.nutrient_type (nutrient_type_id,nutrient_name,nutrient_number,unit_name) VALUES (17,'Vitamin B-6','415','mg');
INSERT INTO public.nutrient_type (nutrient_type_id,nutrient_name,nutrient_number,unit_name) VALUES (18,'Vitamin B-12','418','g');
INSERT INTO public.nutrient_type (nutrient_type_id,nutrient_name,nutrient_number,unit_name) VALUES (19,'Phosphorus','305','mg');
INSERT INTO public.nutrient_type (nutrient_type_id,nutrient_name,nutrient_number,unit_name) VALUES (20,'Alcohol','221','g');
INSERT INTO public.nutrient_type (nutrient_type_id,nutrient_name,nutrient_number,unit_name) VALUES (21,'Water','255','g');
INSERT INTO public.nutrient_type (nutrient_type_id,nutrient_name,nutrient_number,unit_name) VALUES (22,'Selenium','317','g');
INSERT INTO public.nutrient_type (nutrient_type_id,nutrient_name,nutrient_number,unit_name) VALUES (23,'Magnesium','304','mg');
INSERT INTO public.nutrient_type (nutrient_type_id,nutrient_name,nutrient_number,unit_name) VALUES (24,'Carotene, alpha','322','g');
INSERT INTO public.nutrient_type (nutrient_type_id,nutrient_name,nutrient_number,unit_name) VALUES (25,'Choline, total','421','mg');
INSERT INTO public.nutrient_type (nutrient_type_id,nutrient_name,nutrient_number,unit_name) VALUES (26,'Vitamin A, RAE','320','g');
INSERT INTO public.nutrient_type (nutrient_type_id,nutrient_name,nutrient_number,unit_name) VALUES (27,'Vitamin E','323','mg');
INSERT INTO public.nutrient_type (nutrient_type_id,nutrient_name,nutrient_number,unit_name) VALUES (28,'Retinol','319','g');
INSERT INTO public.nutrient_type (nutrient_type_id,nutrient_name,nutrient_number,unit_name) VALUES (29,'Folic acid','431','g');
INSERT INTO public.nutrient_type (nutrient_type_id,nutrient_name,nutrient_number,unit_name) VALUES (30,'Vitamin D (D2 + D3)','328','g');
INSERT INTO public.nutrient_type (nutrient_type_id,nutrient_name,nutrient_number,unit_name) VALUES (31,'Zinc','309','mg');
INSERT INTO public.nutrient_type (nutrient_type_id,nutrient_name,nutrient_number,unit_name) VALUES (32,'Folate, total','417','g');
INSERT INTO public.nutrient_type (nutrient_type_id,nutrient_name,nutrient_number,unit_name) VALUES (33,'Vitamin E, added','573','mg');
INSERT INTO public.nutrient_type (nutrient_type_id,nutrient_name,nutrient_number,unit_name) VALUES (34,'Lycopene','337','g');
INSERT INTO public.nutrient_type (nutrient_type_id,nutrient_name,nutrient_number,unit_name) VALUES (35,'Folate, DFE','435','g');
INSERT INTO public.nutrient_type (nutrient_type_id,nutrient_name,nutrient_number,unit_name) VALUES (36,'Theobromine','263','mg');
INSERT INTO public.nutrient_type (nutrient_type_id,nutrient_name,nutrient_number,unit_name) VALUES (37,'Copper','312','mg');
INSERT INTO public.nutrient_type (nutrient_type_id,nutrient_name,nutrient_number,unit_name) VALUES (38,'Caffeine','262','mg');
INSERT INTO public.nutrient_type (nutrient_type_id,nutrient_name,nutrient_number,unit_name) VALUES (39,'Carotene, beta','321','g');
INSERT INTO public.nutrient_type (nutrient_type_id,nutrient_name,nutrient_number,unit_name) VALUES (40,'Lutein + zeaxanthin','338','g');
INSERT INTO public.nutrient_type (nutrient_type_id,nutrient_name,nutrient_number,unit_name) VALUES (41,'Vitamin K','430','g');
INSERT INTO public.nutrient_type (nutrient_type_id,nutrient_name,nutrient_number,unit_name) VALUES (42,'Cryptoxanthin, beta','334','g');
INSERT INTO public.nutrient_type (nutrient_type_id,nutrient_name,nutrient_number,unit_name) VALUES (43,'Folate, food','432','g');
INSERT INTO public.nutrient_type (nutrient_type_id,nutrient_name,nutrient_number,unit_name) VALUES (44,'Vitamin B-12, added','578','g');
;

INSERT INTO public.food_nutrient (nutrient_id,amount,food_id,nutrient_type_id) VALUES (1,231.0,1,1),(2,0.83,1,2),(3,1.7,1,3),(4,4.13,1,4),(5,6.61,1,5),(6,0.83,1,6),(7,33.0,1,7),(8,207.0,1,8),(9,0.0,2,9),(10,9.58,2,5),(11,10.0,2,8),(12,38.0,2,7),(13,0.0,2,2),(14,9.58,2,4),(15,0.0,3,8),(16,6.0,3,6),(17,3.33,3,9),(18,0.0,3,4),(19,70.0,3,5),(20,1.0,3,10),(21,3.3,3,3),(22,0.0,3,11),(23,0.0,3,12),(24,0.34,3,13),(25,13.33,3,2),(26,0.0,3,14),(27,16.667,3,15),(28,0.0,3,16),(29,367.0,3,7),(30,88.0,4,12),(31,11.18,4,4),(32,0.0,4,6),(33,1.76,4,9),(34,100.0,4,7),(35,118.0,4,1),(36,9.0,4,11),(37,8.24,4,2),(38,0.0,4,14),(39,13.53,4,5),(40,0.0,4,16),(41,0.0,4,3),(42,41.0,4,8),(43,21.51,5,4),(44,0.0,5,16),(45,4.3,5,2),(46,34.41,5,5),(47,86.0,5,8),(48,312.0,5,7),(49,16.0,5,11),(50,108.0,5,14),(51,2.2,5,3),(52,17.2,5,9),(53,0.39,5,6),(54,65.0,5,12),(55,10.0,6,12),(56,8.18,6,4),(57,9.0,6,8),(58,58.0,6,7),(59,1.8,6,3),(60,1.82,6,2),(61,0.91,6,9),(62,0.91,6,6),(63,10.0,6,5),(64,0.0,7,16),(65,844.0,7,8),(66,6.25,7,9),(67,281.0,7,7),(68,0.0,7,11),(69,50.0,7,5),(70,0.0,7,4),(71,3.38,7,6),(72,0.0,7,3),(73,188.0,7,12),(74,6.25,7,2),(75,0.0,7,14),(76,0.0,8,16),(77,368.0,8,7),(78,1.89,8,6),(79,63.16,8,5),(80,3.51,8,2),(81,26.0,8,11),(82,351.0,8,14),(83,35.09,8,4),(84,0.0,8,3),(85,35.0,8,12),(86,386.0,8,8),(87,12.28,8,9),(88,0.0,9,8),(89,3.6,9,3),(90,7.143,9,15),(91,0.455,9,13),(92,12.5,9,2),(93,0.0,9,14),(94,0.0,9,12),(95,3.21,9,6),(96,73.21,9,5),(97,0.0,9,16),(98,1.79,9,9),(99,3.57,9,4),(100,1.0,9,10),(101,0.0,9,11),(102,357.0,9,7),(103,75.0,10,4),(104,312.0,10,7),(105,75.0,10,5),(106,40000.0,11,8),(107,0.0,11,2),(108,0.0,11,4),(109,133.0,11,12),(110,0.0,11,7),(111,133.0,11,1),(112,8.0,12,12),(113,67.0,12,1),(114,717.0,12,8),(115,0.83,12,4),(116,0.0,12,11),(117,2.5,12,2),(118,0.17,12,6),(119,0.83,12,5),(120,0.0,12,9),(121,0.0,12,3),(122,0.0,13,12),(123,0.0,13,6),(124,0.0,13,16),(125,486.0,13,7),(126,0.0,13,11),(127,0.0,13,2),(128,62.86,13,4),(129,0.0,13,3),(130,129.0,13,8),(131,65.71,13,5),(132,0.0,13,14),(133,25.71,13,9),(134,0.0,14,8),(135,0.0,14,2),(136,52.63,14,5),(137,263.0,14,7),(138,0.0,14,9),(139,0.0,15,12),(140,0.0,15,8),(141,0.0,15,6),(142,0.0,15,2),(143,0.0,15,11),(144,0.0,15,4),(145,55.56,15,5),(146,0.0,15,9),(147,278.0,15,7),(148,55.6,15,3),(149,2.65,16,5),(150,3.5,16,16),(151,20.35,16,2),(152,1.33,16,9),(153,0.0,16,1),(154,0.0,16,4),(155,27.0,16,12),(156,71.0,16,11),(157,0.32,16,6),(158,0.0,16,3),(159,177.0,16,8),(160,0.0,16,14),(161,2.86,17,4),(162,200.0,17,7),(163,0.571,17,17),(164,354.0,17,12),(165,80.0,17,1),(166,4.29,17,9),(167,0.286,17,13),(168,0.71,17,18),(169,0.0,17,16),(170,4.29,17,2),(171,0.0,17,10),(172,7.0,17,11),(173,319.0,17,19),(174,0.0,17,3),(175,4.286,17,15),(176,34.29,17,5),(177,443.0,17,8),(178,5.71,17,6),(179,0.2,18,9),(180,4.49,18,4),(181,16.0,18,12),(182,282.0,18,8),(183,2.0,18,16),(184,1.22,18,2),(185,0.0,18,11),(186,8.98,18,5),(187,306.0,18,14),(188,1.2,18,3),(189,0.29,18,6),(190,0.0,20,12),(191,0.0,20,6),(192,0.0,20,2),(193,714.0,20,7),(194,0.0,20,11),(195,0.0,20,4),(196,750.0,20,8),(197,0.0,20,3),(198,78.57,20,9),(199,21.0,20,1),(200,0.0,20,5),(201,35.0,21,11),(202,6.0,21,2),(203,510.0,21,8),(204,8.0,21,4),(205,250.0,21,7),(206,18.0,21,9),(207,16.0,21,5),(208,0.0,22,6),(209,0.5,22,16),(210,0.22,22,9),(211,132.0,22,12),(212,10.13,22,2),(213,3.96,22,5),(214,35.0,22,8),(215,4.0,22,11),(216,0.0,22,3),(217,3.96,22,4),(218,57.0,22,7),(219,0.0,22,14),(220,0.0,23,12),(221,3.3,23,3),(222,4.0,23,16),(223,150.0,23,7),(224,0.0,23,11),(225,0.0,23,2),(226,16.67,23,4),(227,800.0,23,8),(228,36.67,23,5),(229,0.0,23,9),(230,1.2,23,6),(231,333.0,23,14),(232,7.1,24,3),(233,3.86,24,6),(234,50.0,24,9),(235,464.0,24,8),(236,643.0,24,1),(237,357.0,24,14),(238,25.0,24,2),(239,0.0,24,16),(240,571.0,24,7),(241,3.57,24,4),(242,17.86,24,5),(243,0.0,24,11),(244,71.0,24,12),(245,67.0,25,11),(246,1000.0,25,14),(247,0.0,25,6),(248,0.0,25,16),(249,600.0,25,8),(250,10.0,25,2),(251,10.0,25,4),(252,333.0,25,7),(253,26.67,25,9),(254,267.0,25,12),(255,0.0,25,3),(256,13.33,25,5),(257,36.0,26,12),(258,17.86,26,9),(259,2.5,26,6),(260,143.0,26,1),(261,357.0,26,8),(262,7.14,26,2),(263,28.57,26,4),(264,67.86,26,5),(265,107.0,27,11),(266,0.0,27,4),(267,32.14,27,9),(268,607.0,27,8),(269,393.0,27,7),(270,25.0,27,2),(271,0.02,28,10),(272,0.01,28,13),(273,0.0,28,20),(274,86.7,28,21),(275,2.0,28,8),(276,0.1,28,22),(277,0.037,28,17),(278,0.1,28,3),(279,5.0,28,23),(280,2.0,28,24),(281,0.5,28,25),(282,9.0,28,26),(283,0.1,28,6),(284,5.0,28,12),(285,183.0,28,14),(286,0.11,28,27),(287,20.0,28,16),(288,0.0,28,28),(289,12.7,28,5),(290,0.0,28,11),(291,0.2,28,15),(292,12.06,28,4),(293,0.0,28,29),(294,0.1,28,9),(295,0.0,28,30),(296,0.04,28,31),(297,7.0,28,32),(298,0.0,28,33),(299,80.0,28,1),(300,0.0,28,34),(301,7.0,28,35),(302,0.0,28,36),(303,0.032,28,37),(304,0.0,28,38),(305,8.0,28,19),(306,79.0,28,39),(307,0.3,28,2),(308,47.0,28,40),(309,51.0,28,7),(310,0.1,28,41),(311,0.0,28,18),(312,60.0,28,42),(313,7.0,28,43),(314,0.0,28,44),(315,0.0,29,12),(316,2.22,29,2),(317,74.0,29,14),(318,600.0,29,8),(319,126.0,29,7),(320,4.0,29,11),(321,6.7,29,16),(322,2.2,29,3),(323,5.19,29,9),(324,17.78,29,5),(325,2.96,29,4),(326,1.07,29,6),(327,4.3,30,22),(328,0.08,30,13),(329,75.85,30,21),(330,4.32,30,9),(331,0.0,30,20),(332,2.55,30,4),(333,0.883,30,15),(334,178.0,30,8),(335,45.5,30,25),(336,112.0,30,7),(337,51.0,30,19),(338,0.4,30,6),(339,46.0,30,11),(340,64.0,30,40),(341,14.0,30,12),(342,246.0,30,1),(343,0.36,30,27),(344,5.0,30,16),(345,13.0,30,32),(346,2.76,30,2),(347,2.0,30,24),(348,0.0,30,33),(349,20.0,30,26),(350,0.32,30,31),(351,1.3,30,3),(352,0.0,30,29),(353,0.076,30,10),(354,6.0,30,42),(355,13.0,30,43),(356,15.9,30,5),(357,0.0,30,44),(358,0.0,30,38),(359,13.0,30,35),(360,0.196,30,17),(361,0.116,30,37),(362,0.14,30,18),(363,18.0,30,39),(364,9.2,30,41),(365,0.0,30,36),(366,0.0,30,34),(367,16.0,30,23),(368,18.0,30,28),(369,0.3,30,30),(370,2.93,31,9),(371,358.0,31,8),(372,1.0,31,32),(373,0.0,31,20),(374,0.0,31,17),(375,0.1,31,16),(376,1.0,31,40),(377,0.27,31,4),(378,46.0,31,7),(379,22.0,31,26),(380,0.023,31,13),(381,0.007,31,10),(382,4.0,31,11),(383,0.0,31,24),(384,1.0,31,43),(385,1.21,31,2),(386,0.0,31,33),(387,0.27,31,27),(388,1.0,31,35),(389,0.199,31,15),(390,1.0,31,22),(391,9.0,31,12),(392,5.2,31,25),(393,0.0,31,30),(394,21.0,31,28),(395,14.0,31,39),(396,0.0,31,29),(397,0.0,31,42),(398,0.0,31,44),(399,0.0,31,38),(400,91.2,31,21),(401,16.0,31,19),(402,0.54,31,6),(403,0.0,31,18),(404,0.0,31,36),(405,0.0,31,34),(406,2.1,31,41),(407,3.0,31,23),(408,0.0,31,3),(409,0.07,31,37),(410,3.63,31,5),(411,25.0,31,1),(412,0.15,31,31),(413,67.0,32,12),(414,6.0,32,6),(415,0.0,32,16),(416,67.0,32,8),(417,50.0,32,9),(418,600.0,32,7),(419,6.7,32,3),(420,0.0,32,11),(421,36.67,32,2),(422,6.67,32,5),(423,3.33,32,4),(424,0.0,32,14),(425,36.0,33,12),(426,3.21,33,6),(427,17.86,33,9),(428,0.0,33,16),(429,375.0,33,7),(430,55.36,33,5),(431,14.29,33,4),(432,12.5,33,3),(433,3.57,33,2),(434,375.0,33,8),(435,27.0,33,11),(436,0.0,33,14),(437,0.0,34,12),(438,5.71,34,2),(439,0.0,34,16),(440,14.29,34,9),(441,22.86,34,4),(442,68.57,34,5),(443,0.0,34,11),(444,1.03,34,6),(445,429.0,34,7),(446,457.0,34,8),(447,2.9,34,3),(448,0.0,34,14),(449,5.36,35,18),(450,3.6,35,3),(451,571.0,35,8),(452,21.4,35,16),(453,0.0,35,9),(454,89.0,35,1),(455,0.0,35,12),(456,32.14,35,6),(457,17.857,35,15),(458,1.518,35,13),(459,7.14,35,4),(460,1.0,35,10),(461,0.0,35,11),(462,85.71,35,5),(463,357.0,35,7),(464,7.14,35,2),(465,1786.0,35,14),(466,1.786,35,17),(467,4.0,36,8),(468,0.0,36,6),(469,13.3,36,16),(470,0.0,36,9),(471,76.0,36,1),(472,0.0,36,14),(473,0.0,36,12),(474,0.0,36,11),(475,0.0,36,2),(476,36.0,36,7),(477,8.89,36,5),(478,0.0,36,3),(479,7.56,36,4),(480,0.0,37,12),(481,0.0,37,6),(482,0.0,37,16),(483,21.43,37,9),(484,214.0,37,8),(485,1.43,37,2),(486,0.0,37,11),(487,71.43,37,4),(488,429.0,37,7),(489,0.0,37,3),(490,0.0,37,14),(491,71.43,37,5),(492,12.08,38,4),(493,4.0,38,12),(494,4.0,38,8),(495,0.0,38,6),(496,50.0,38,7),(497,0.0,38,11),(498,0.0,38,2),(499,12.0,38,1),(500,12.5,38,5),(501,0.0,38,9),(502,0.0,38,3),(503,0.0,39,12),(504,0.0,39,6),(505,0.0,39,16),(506,83.0,39,7),(507,0.0,39,11),(508,0.0,39,2),(509,16.67,39,4),(510,800.0,39,8),(511,0.0,39,9),(512,0.0,39,3),(513,23.33,39,5),(514,0.0,39,14),(515,46.67,40,5),(516,67.0,40,12),(517,0.0,40,16),(518,13.33,40,4),(519,467.0,40,7),(520,6.7,40,3),(521,10.0,40,2),(522,3.6,40,6),(523,0.0,40,11),(524,133.0,40,8),(525,23.33,40,9),(526,0.0,40,14),(527,18.0,42,12),(528,0.96,42,6),(529,133.0,42,7),(530,25.66,42,5),(531,1.8,42,3),(532,4.0,42,11),(533,1.77,42,9),(534,292.0,42,8),(535,2.65,42,4),(536,3.54,42,2),(537,3.2,42,16),(538,0.0,42,14),(539,2.17,43,5),(540,78.0,43,29),(541,54.0,43,7),(542,0.0,43,4),(543,1.74,43,6),(544,10.87,43,2),(545,196.0,43,8),(546,152.0,43,1),(547,15.0,44,12),(548,1.8,44,2),(549,0.18,44,9),(550,0.0,44,20),(551,16.5,44,16),(552,38.0,44,19),(553,1.16,44,27),(554,94.32,44,21),(555,284.0,44,8),(556,1.6,44,22),(557,85.0,44,32),(558,0.0,44,11),(559,0.47,44,31),(560,0.0,44,33),(561,172.0,44,1),(562,85.0,44,35),(563,0.0,44,30),(564,0.0,44,29),(565,0.851,44,15),(566,2.48,44,5),(567,9.0,44,23),(568,0.0,44,44),(569,0.107,44,37),(570,0.0,44,28),(571,0.0,44,38),(572,0.098,44,17),(573,85.0,44,43),(574,0.054,44,10),(575,0.0,44,18),(576,0.089,44,13),(577,0.0,44,36),(578,15.0,44,7),(579,1.0,44,3),(580,0.6,44,6),(581,526.0,44,14),(582,18.52,45,9),(583,3.7,45,2),(584,70.37,45,5),(585,481.0,45,7),(586,3.7,45,3),(587,74.0,45,8),(588,19.0,45,11),(589,62.96,45,4),(590,15.0,46,12),(591,0.2,46,9),(592,385.0,46,14),(593,88.0,46,8),(594,4.6,46,16),(595,0.0,46,11),(596,1.11,46,6),(597,3.23,46,5),(598,22.0,46,7),(599,1.23,46,2),(600,1.0,46,3),(601,3.23,46,4),(602,77.5,47,5),(603,5.0,47,2),(604,325.0,47,7),(605,100.0,47,8),(606,45.0,47,4),(607,0.0,47,9),(608,433.0,48,7),(609,3.3,48,3),(610,67.0,48,12),(611,0.0,48,16),(612,867.0,48,8),(613,3.6,48,6),(614,10.0,48,2),(615,56.67,48,5),(616,20.0,48,9),(617,3.33,48,4),(618,17.0,48,11),(619,0.0,48,14),(620,17.5,49,9),(621,250.0,49,14),(622,72.5,49,5),(623,0.9,49,6),(624,2.5,49,2),(625,12.0,49,11),(626,60.0,49,4),(627,50.0,49,12),(628,2.5,49,3),(629,450.0,49,7),(630,125.0,49,8),(631,0.0,50,8),(632,2.94,50,2),(633,8.82,50,9),(634,47.06,50,4),(635,412.0,50,7),(636,79.41,50,5),(637,17.86,51,2),(638,89.0,51,7),(639,1.79,51,9),(640,0.0,51,4),(641,54.0,51,11),(642,821.0,51,8),(643,1.9,52,16),(644,1.17,52,9),(645,55.0,52,7),(646,375.0,52,8),(647,16.0,52,12),(648,2.3,52,3),(649,0.0,52,11),(650,1.56,52,2),(651,0.56,52,6),(652,7.03,52,4),(653,10.16,52,5),(654,391.0,52,14),(655,297.0,52,1),(656,42.9,53,16),(657,57.14,53,5),(658,7.1,53,3),(659,18.0,53,8),(660,21.43,53,9),(661,0.0,53,11),(662,5357.0,53,14),(663,7.14,53,2),(664,71.0,53,12),(665,429.0,53,7),(666,39.29,53,4),(667,2.57,53,6),(668,7.08,54,4),(669,9.17,54,5),(670,21.0,54,8),(671,0.0,54,14),(672,8.0,54,12),(673,46.0,54,7),(674,0.0,54,16),(675,0.42,54,2),(676,0.0,54,11),(677,1.2,54,3),(678,0.15,54,6),(679,58.0,54,1),(680,0.83,54,9),(681,67.0,55,12),(682,0.0,55,6),(683,0.0,55,16),(684,200.0,55,7),(685,467.0,55,8),(686,6.67,55,2),(687,6.67,55,4),(688,1333.0,55,14),(689,0.0,55,3),(690,15.0,55,9),(691,6.67,55,5),(692,50.0,55,11),(693,417.0,56,14),(694,208.0,56,8),(695,2.0,56,16),(696,21.0,56,7),(697,0.0,56,11),(698,2.5,56,4),(699,17.0,56,12),(700,0.83,56,2),(701,0.8,56,3),(702,0.0,56,9),(703,4.17,56,5),(704,0.3,56,6),(705,0.82,57,6),(706,250.0,57,1),(707,102.0,57,8),(708,11.0,57,11),(709,6.82,57,2),(710,0.0,57,14),(711,25.0,57,4),(712,36.36,57,5),(713,0.0,57,16),(714,136.0,57,12),(715,6.8,57,3),(716,20.45,57,9),(717,341.0,57,7),(718,27.17,58,2),(719,8.7,58,9),(720,239.0,58,7),(721,652.0,58,8),(722,2.17,58,4),(723,14.13,58,5),(724,80.0,59,12),(725,0.0,59,16),(726,400.0,59,7),(727,280.0,59,8),(728,4.0,59,2),(729,10.0,59,11),(730,54.0,59,5),(731,26.0,59,4),(732,1.44,59,6),(733,20.0,59,9),(734,2.0,59,3),(735,600.0,59,14),(736,2.3,60,3),(737,5.5,60,16),(738,34.0,60,7),(739,0.0,60,11),(740,0.0,60,4),(741,92.0,60,12),(742,34.0,60,8),(743,2.3,60,2),(744,0.0,60,9),(745,3.45,60,5),(746,2011.0,60,14),(747,0.83,60,6),(748,0.0,61,12),(749,4.5,61,6),(750,0.0,61,16),(751,0.0,61,11),(752,500.0,61,7),(753,0.0,61,3),(754,21.88,61,9),(755,62.5,61,5),(756,938.0,61,8),(757,6.25,61,2),(758,0.0,61,14),(759,6.25,61,4),(760,107.0,62,11),(761,0.0,62,6),(762,339.0,62,8),(763,3.57,62,4),(764,0.0,62,1),(765,7.14,62,2),(766,321.0,62,7),(767,32.14,62,9),(768,71.0,62,12),(769,7.14,62,5),(770,0.0,62,3),(771,0.0,63,12),(772,21.88,63,5),(773,2.25,63,6),(774,0.0,63,16),(775,50.0,63,9),(776,6.2,63,3),(777,0.0,63,11),(778,625.0,63,7),(779,9.38,63,4),(780,469.0,63,8),(781,25.0,63,2),(782,0.0,63,14),(783,0.889,64,17),(784,333.0,64,8),(785,400.0,64,7),(786,6.0,64,6),(787,2.67,64,18),(788,1667.0,64,14),(789,0.756,64,13),(790,444.0,64,12),(791,55.56,64,5),(792,11.11,64,9),(793,5.0,64,31),(794,26.7,64,16),(795,22.22,64,2),(796,11.1,64,3),(797,33.33,64,4),(798,0.0,64,10),(799,0.0,64,11),(800,8.889,64,15),(801,11.0,65,12),(802,29.9,65,4),(803,1000.0,65,14),(804,57.0,65,19),(805,3.6,65,6),(806,336.0,65,8),(807,49.0,65,1),(808,4.0,65,15),(809,66.0,65,32),(810,9.7,65,9),(811,1.4,65,3),(812,0.34,65,13),(813,72.1,65,5),(814,0.0,65,16),(815,3.9,65,2),(816,0.0,65,10),(817,0.0,65,11),(818,0.0,65,18),(819,391.0,65,7),(820,8.0,65,23),(821,0.4,65,17),(822,12.8,65,21),(823,0.3,65,31),(824,1.81,66,5),(825,6.0,66,32),(826,2.0,66,26),(827,78.0,66,11),(828,25.0,66,23),(829,0.0,66,20),(830,0.0,66,39),(831,0.154,66,37),(832,259.0,66,7),(833,24.24,66,2),(834,0.0,66,40),(835,7.0,66,12),(836,9.67,66,31),(837,0.0,66,24),(838,6.0,66,43),(839,3.02,66,18),(840,17.21,66,9),(841,349.0,66,1),(842,6.0,66,35),(843,3.651,66,15),(844,55.8,66,21),(845,32.0,66,22),(846,0.369,66,17),(847,86.0,66,8),(848,0.242,66,13),(849,0.0,66,29),(850,0.0,66,4),(851,0.0,66,42),(852,3.06,66,6),(853,0.0,66,44),(854,2.0,66,28),(855,0.0,66,38),(856,5.0,66,14),(857,0.1,66,30),(858,0.0,66,16),(859,219.0,66,19),(860,0.069,66,10),(861,0.0,66,34),(862,0.0,66,36),(863,1.6,66,41),(864,0.0,66,3),(865,0.0,67,12),(866,0.0,67,6),(867,742.0,67,8),(868,0.0,67,2),(869,0.0,67,11),(870,3.2,67,3),(871,258.0,67,1),(872,32.0,67,7),(873,6.45,67,5),(874,0.0,67,9),(875,3.23,67,4),(884,0.0,69,12),(885,286.0,69,7),(886,0.0,69,16),(887,17.86,69,9),(888,125.0,69,11),(889,0.0,69,4),(890,32.14,69,2),(891,0.0,69,3),(892,0.0,69,5),(893,2.57,69,6),(894,0.0,69,14),(895,2143.0,69,8),(896,5.799,70,15),(897,2.0,70,32),(898,6.0,70,26),(899,2.5,70,41),(900,0.0,70,20),(901,0.0,70,39),(902,0.85,70,27),(903,23.62,70,2),(904,29.3,70,25),(905,217.0,70,19),(906,0.0,70,5),(907,0.0,70,40),(908,14.0,70,12),(909,65.7,70,22),(910,33.0,70,23),(911,0.0,70,24),(912,0.217,70,17),(913,2.0,70,43),(914,0.0,70,33),(915,2.0,70,35),(916,42.0,70,11),(917,2.97,70,9),(918,0.48,70,31),(919,2.0,70,30),(920,237.0,70,1),(921,0.0,70,29),(922,0.0,70,4),(923,0.0,70,42),(924,1.17,70,18),(925,128.0,70,7),(926,0.0,70,44),(927,0.008,70,10),(928,6.0,70,28),(929,0.0,70,38),(930,20.0,70,14),(931,73.19,70,21),(932,0.0,70,16),(933,377.0,70,8),(934,0.044,70,13),(935,0.0,70,34),(936,0.0,70,36),(937,0.97,70,6),(938,0.0,70,3),(939,0.039,70,37),(940,18.31,71,2),(941,7.04,71,9),(942,63.0,71,11),(943,0.51,71,6),(944,254.0,71,8),(945,148.0,71,7),(946,0.0,71,5),(947,13.0,72,12),(948,15.0,72,8),(949,21.0,72,7),(950,0.42,72,6),(951,208.0,72,1),(952,45.0,72,16),(953,2.5,72,4),(954,0.83,72,2),(955,0.8,72,3),(956,4.17,72,5),(957,1250.0,73,1),(958,100.0,73,15),(959,0.0,73,2),(960,0.0,73,4),(961,1500.0,73,8),(962,10.0,73,17),(963,30.0,73,18),(964,0.0,73,7),(965,0.0,73,9),(966,0.0,73,5),(967,7.1,74,3),(968,14.29,74,2),(969,857.0,74,8),(970,46.43,74,5),(971,7.14,74,4),(972,35.71,74,9),(973,18.0,74,11),(974,1.29,74,6),(975,196.0,74,1),(976,207.0,74,12),(977,6.67,75,2),(978,117.0,75,1),(979,18.33,75,9),(980,467.0,75,7),(981,40.0,75,4),(982,17.0,75,12),(983,68.33,75,5),(984,167.0,75,8),(985,308.0,76,1),(986,408.0,76,8),(987,31.0,76,12),(988,1.11,76,6),(989,1.54,76,4),(990,0.0,76,14),(991,4.6,76,3),(992,0.77,76,9),(993,0.0,76,16),(994,0.0,76,11),(995,4.62,76,2),(996,85.0,76,7),(997,15.38,76,5),(998,0.0,77,16),(999,3.57,77,4),(1000,0.0,77,11),(1001,1.29,77,6),(1002,10.7,77,3),(1003,929.0,77,8),(1004,71.0,77,12),(1005,60.71,77,9),(1006,607.0,77,7),(1007,25.0,77,2),(1008,21.43,77,5),(1009,0.0,77,14),(1010,205.0,78,8),(1011,67.0,78,11),(1012,20.54,78,2),(1013,0.89,78,4),(1014,0.89,78,5),(1015,7.14,78,9),(1016,161.0,78,7),(1017,0.0,79,12),(1018,6.1,79,3),(1019,30.0,79,8),(1020,0.0,79,16),(1021,0.0,79,11),(1022,30.3,79,4),(1023,72.73,79,5),(1024,15.15,79,9),(1025,455.0,79,7),(1026,3.27,79,6),(1027,0.0,79,14),(1028,3.03,79,2),(1029,1.0,80,8),(1030,0.0,80,2),(1031,0.0,80,4),(1032,0.0,80,7),(1033,0.0,80,9),(1034,0.0,80,5),(1035,0.0,81,12),(1036,17.86,81,2),(1037,0.0,81,16),(1038,7.14,81,4),(1039,125.0,81,7),(1040,0.64,81,6),(1041,7.14,81,5),(1042,0.0,81,3),(1043,964.0,81,8),(1044,54.0,81,11),(1045,0.0,81,14),(1046,3.57,81,9),(1047,0.02,83,10),(1048,1.6,83,2),(1049,123.0,83,12),(1050,10.0,83,32),(1051,0.14,83,13),(1052,0.1,83,3),(1053,0.82,83,9),(1054,82.0,83,1),(1055,4.1,83,5),(1056,0.37,83,18),(1057,0.37,83,31),(1058,0.8,83,30),(1059,92.74,83,21),(1060,0.0,83,11),(1061,124.0,83,14),(1062,10.0,83,43),(1063,30.0,83,7),(1064,2.9,83,4),(1065,10.0,83,23),(1066,0.3,83,6),(1067,49.0,83,8),(1068,9.8,84,2),(1069,3.5,84,16),(1070,98.0,84,14),(1071,396.0,84,7),(1072,0.0,84,11),(1073,17.65,84,9),(1074,73.0,84,8),(1075,9.8,84,3),(1076,25.49,84,4),(1077,58.82,84,5),(1078,39.0,84,12),(1079,4.24,84,6),(1080,0.0,85,6),(1081,5.83,85,5),(1082,83.0,85,8),(1083,5.83,85,4),(1084,0.0,85,9),(1085,0.0,85,14),(1086,0.0,85,12),(1087,0.0,85,16),(1088,39.0,85,1),(1089,0.0,85,11),(1090,0.0,85,2),(1091,0.0,85,23),(1092,0.0,85,3),(1101,1.6,87,9),(1102,0.3,87,2),(1103,93.5,87,4),(1104,0.1,88,13),(1105,73.53,88,5),(1106,2.65,88,6),(1107,8.8,88,16),(1108,10.29,88,2),(1109,368.0,88,7),(1110,1074.0,88,8),(1111,0.0,88,10),(1112,2.941,88,15),(1113,0.0,88,11),(1114,5.88,88,4),(1115,29.0,88,12),(1116,4.41,88,9),(1117,2.9,88,3),(1118,441.0,88,14),(1119,0.0,89,8),(1120,286.0,89,7),(1121,0.0,89,2),(1122,80.95,89,5),(1123,0.0,89,9),(1124,76.19,89,4),(1125,75.0,90,7),(1126,10.42,90,4),(1127,179.0,90,1),(1128,0.125,90,17),(1129,17.5,90,5),(1130,0.0,90,9),(1131,83.0,90,14),(1132,0.106,90,13),(1133,8.0,90,12),(1134,15.0,90,8),(1135,0.25,90,31),(1136,0.0,90,16),(1137,0.0,90,10),(1138,1.25,90,2),(1139,0.0,90,11),(1140,17.0,90,19),(1141,0.833,90,15),(1142,10.0,90,23),(1143,1.2,90,3),(1144,0.3,90,6),(1145,0.125,90,37),(1146,14.29,91,2),(1147,60.71,91,5),(1148,464.0,91,7),(1149,179.0,91,12),(1150,1.43,91,6),(1151,7.14,91,4),(1152,3.6,91,3),(1153,18.0,91,11),(1154,16.07,91,9),(1155,193.0,91,1),(1156,964.0,91,8),(1157,300.0,92,1),(1158,6.67,92,9),(1159,6.67,92,2),(1160,133.0,92,7),(1161,83.0,92,8),(1162,10.0,92,4),(1163,267.0,92,12),(1164,17.0,92,11),(1165,0.0,92,14),(1166,10.0,92,5),(1167,0.0,93,6),(1168,9.17,93,4),(1169,0.0,93,9),(1170,19.0,93,1),(1171,0.0,93,14),(1172,0.0,93,12),(1173,9.58,93,5),(1174,15.0,93,8),(1175,0.0,93,16),(1176,38.0,93,7),(1177,0.0,93,11),(1178,0.0,93,2),(1179,0.0,93,3),(1180,5.6,94,3),(1181,56.0,94,12),(1182,28.0,94,8),(1183,0.0,94,6),(1184,0.0,94,2),(1185,0.0,94,11),(1186,88.89,94,5),(1187,333.0,94,7),(1188,0.0,94,9),(1189,72.22,94,4),(1190,722.0,94,1),(1191,0.2,95,9),(1192,89.2,95,21),(1193,4.5,96,6),(1194,0.0,96,16),(1195,4.2,96,3),(1196,0.0,96,11),(1197,167.0,96,12),(1198,70.83,96,5),(1199,0.0,96,4),(1200,8.33,96,2),(1201,417.0,96,7),(1202,708.0,96,8),(1203,0.0,96,14),(1204,10.42,96,9),(1205,2.63,97,2),(1206,395.0,97,7),(1207,0.0,97,6),(1208,0.0,97,16),(1209,65.79,97,5),(1210,53.0,97,12),(1211,13.0,97,11),(1212,13.16,97,9),(1213,44.74,97,4),(1214,0.0,97,3),(1215,0.0,97,14),(1216,276.0,97,8),(1217,0.0,98,6),(1218,290.0,98,14),(1219,0.0,98,16),(1220,51.0,98,11),(1221,2.9,98,2),(1222,20.29,98,4),(1223,51.0,98,8),(1224,188.0,98,7),(1225,116.0,98,12),(1226,10.14,98,9),(1227,0.0,98,3),(1228,20.29,98,5),(1229,2212.0,99,14),(1230,0.88,99,4),(1231,36.28,99,5),(1232,575.0,99,8),(1233,53.0,99,12),(1234,1.59,99,6),(1235,1.77,99,9),(1236,6.19,99,2),(1237,2.7,99,3),(1238,53.0,99,11),(1239,21.2,99,16),(1240,177.0,99,7),(1241,113.0,100,7),(1242,339.0,100,8),(1243,22.58,100,4),(1244,0.0,100,2),(1245,25.81,100,5),(1246,3.33,101,2),(1247,3.3,101,3),(1248,67.0,101,12),(1249,4.0,101,16),(1250,200.0,101,7),(1251,15.0,101,9),(1252,567.0,101,8),(1253,1.2,101,6),(1254,3.33,101,4),(1255,667.0,101,14),(1256,17.0,101,11),(1257,16.67,101,5),(1258,0.0,102,16),(1259,1.89,102,6),(1260,56.14,102,5),(1261,21.05,102,4),(1262,14.04,102,2),(1263,0.0,102,11),(1264,8.77,102,9),(1265,351.0,102,7),(1266,8.8,102,3),(1267,298.0,102,8),(1268,35.0,102,12),(1269,0.0,102,14),(1270,0.0,103,8),(1271,400.0,103,7),(1272,70.0,103,4),(1273,0.0,103,2),(1274,92.5,103,5),(1275,3.75,103,9),(1276,83.0,104,11),(1277,0.0,104,16),(1278,1.43,104,6),(1279,8.73,104,2),(1280,690.0,104,8),(1281,238.0,104,14),(1282,0.8,104,3),(1283,302.0,104,7),(1284,3.17,104,4),(1285,119.0,104,12),(1286,22.22,104,5),(1287,19.05,104,9),(1288,256.0,105,8),(1289,0.0,105,20),(1290,1.25,105,4),(1291,22.0,105,43),(1292,9.9,105,5),(1293,0.37,105,18),(1294,22.0,105,35),(1295,22.6,105,25),(1296,20.0,105,12),(1297,16.0,105,11),(1298,3.7,105,41),(1299,6.84,105,2),(1300,1.7,105,3),(1301,1.778,105,15),(1302,0.0,105,33),(1303,4.64,105,9),(1304,21.0,105,23),(1305,0.104,105,37),(1306,77.2,105,21),(1307,0.0,105,29),(1308,0.33,105,27),(1309,2.0,105,42),(1310,0.079,105,10),(1311,0.0,105,44),(1312,0.0,105,38),(1313,2.0,105,28),(1314,4.8,105,22),(1315,0.1,105,30),(1316,108.0,105,7),(1317,1.15,105,6),(1318,1.25,105,31),(1319,18.0,105,26),(1320,22.0,105,32),(1321,337.0,105,1),(1322,53.0,105,24),(1323,0.195,105,17),(1324,345.0,105,34),(1325,0.0,105,36),(1326,84.0,105,19),(1327,0.089,105,13),(1328,9.5,105,16),(1329,39.0,105,40),(1330,168.0,105,39),(1331,10.99,106,5),(1332,10.0,106,8),(1333,0.0,106,2),(1334,39.0,106,7),(1335,0.0,106,9),(1336,10.7,106,4),(1337,0.0,107,16),(1338,114.0,107,12),(1339,12.86,107,2),(1340,143.0,107,14),(1341,4.29,107,4),(1342,2.06,107,6),(1343,11.43,107,9),(1344,4.3,107,3),(1345,21.0,107,11),(1346,30.0,107,5),(1347,271.0,107,7),(1348,514.0,107,8),(1349,2.0,108,32),(1350,2.22,108,18),(1351,0.0,108,20),(1352,315.0,108,19),(1353,0.0,108,39),(1354,0.3,108,27),(1355,137.0,108,7),(1356,49.0,108,11),(1357,471.0,108,1),(1358,373.0,108,8),(1359,0.0,108,5),(1360,0.0,108,40),(1361,5.0,108,12),(1362,0.0,108,24),(1363,2.1,108,30),(1364,113.9,108,22),(1365,0.47,108,31),(1366,2.0,108,43),(1367,40.0,108,23),(1368,0.0,108,33),(1369,2.0,108,35),(1370,19.748,108,15),(1371,0.0,108,29),(1372,0.62,108,9),(1373,0.0,108,4),(1374,0.0,108,42),(1375,0.0,108,44),(1376,0.0,108,38),(1377,0.119,108,10),(1378,81.7,108,25),(1379,0.046,108,37),(1380,18.0,108,26),(1381,0.0,108,16),(1382,30.68,108,2),(1383,66.51,108,21),(1384,0.939,108,17),(1385,0.0,108,36),(1386,0.0,108,34),(1387,0.1,108,41),(1388,0.97,108,6),(1389,0.0,108,3),(1390,18.0,108,28),(1391,0.13,108,13),(1392,452.0,109,7),(1393,11.29,109,2),(1394,0.0,109,16),(1395,24.19,109,9),(1396,17.74,109,4),(1397,53.23,109,5),(1398,0.0,109,11),(1399,210.0,109,8),(1400,4.8,109,3),(1401,65.0,109,12),(1402,2.32,109,6),(1403,0.0,109,14),(1404,0.08,110,13),(1405,1.7,110,18),(1406,26.0,110,16),(1407,0.0,110,29),(1408,32.1,110,9),(1409,31.0,110,12),(1410,0.33,110,17),(1411,432.0,110,1),(1412,0.7,110,6),(1413,4.8,110,2),(1414,23.0,110,23),(1415,106.0,110,19),(1416,0.0,110,10),(1417,1.0,110,11),(1418,56.2,110,5),(1419,2.25,110,21),(1420,21.0,110,32),(1421,2.4,110,4),(1422,2.4,110,3),(1423,606.0,110,8),(1424,0.6,110,31),(1425,2.0,111,16),(1426,197.0,111,7),(1427,1.18,111,6),(1428,82.0,111,12),(1429,16.0,111,11),(1430,1.6,111,3),(1431,8.2,111,2),(1432,6.56,111,9),(1433,25.41,111,5),(1434,410.0,111,14),(1435,1.64,111,4),(1436,385.0,111,8),(1437,0.0,112,12),(1438,13.0,112,8),(1439,0.0,112,6),(1440,0.0,112,16),(1441,37.33,112,9),(1442,50.67,112,5),(1443,5.33,112,2),(1444,13.0,112,11),(1445,587.0,112,7),(1446,48.0,112,4),(1447,2.7,112,3),(1448,0.0,112,14),(1449,713.0,113,7),(1450,12.4,113,25),(1451,0.0,113,6),(1452,1.0,113,32),(1453,0.0,113,20),(1454,0.0,113,17),(1455,0.0,113,15),(1456,0.08,113,18),(1457,0.1,113,16),(1458,0.75,113,5),(1459,0.0,113,40),(1460,5.0,113,19),(1461,17.07,113,21),(1462,0.0,113,31),(1463,0.0,113,13),(1464,0.0,113,11),(1465,0.0,113,24),(1466,1.0,113,43),(1467,0.22,113,2),(1468,0.0,113,33),(1469,1.0,113,35),(1470,0.0,113,22),(1471,3571.0,113,14),(1472,0.0,113,30),(1473,0.0,113,29),(1474,0.0,113,4),(1475,0.0,113,42),(1476,0.0,113,44),(1477,15.43,113,27),(1478,657.0,113,8),(1479,768.0,113,28),(1480,91.7,113,41),(1481,0.0,113,38),(1482,80.17,113,9),(1483,610.0,113,39),(1484,3.0,113,12),(1485,0.0,113,10),(1486,819.0,113,26),(1487,0.0,113,34),(1488,0.0,113,36),(1489,1.0,113,23),(1490,0.0,113,3),(1491,17.0,113,1),(1492,0.0,113,37),(1493,6.0,114,32),(1494,0.0,114,26),(1495,0.0,114,20),(1496,0.0,114,39),(1497,61.49,114,21),(1498,3.95,114,15),(1499,237.0,114,7),(1500,302.0,114,1),(1501,17.1,114,9),(1502,0.0,114,5),(1503,166.0,114,19),(1504,0.0,114,14),(1505,0.0,114,40),(1506,19.32,114,2),(1507,86.1,114,25),(1508,2.79,114,18),(1509,0.0,114,24),(1510,54.0,114,8),(1511,6.0,114,43),(1512,0.4,114,17),(1513,3.2,114,31),(1514,0.09,114,10),(1515,1.5,114,41),(1516,16.6,114,22),(1517,0.14,114,13),(1518,0.0,114,4),(1519,1.61,114,6),(1520,0.0,114,42),(1521,82.0,114,11),(1522,0.0,114,44),(1523,0.0,114,28),(1524,0.0,114,38),(1525,6.0,114,12),(1526,0.0,114,16),(1527,19.0,114,23),(1528,0.071,114,37),(1529,0.0,114,34),(1530,0.0,114,36),(1531,0.0,114,3),(1532,9.0,116,12),(1533,1.32,116,4),(1534,1.76,116,9),(1535,0.5,116,16),(1536,6.17,116,2),(1537,273.0,116,1),(1538,132.0,116,14),(1539,1.3,116,3),(1540,15.0,116,11),(1541,260.0,116,8),(1542,6.17,116,5),(1543,0.63,116,6),(1544,0.0,117,12),(1545,59.38,117,5),(1546,18.75,117,4),(1547,94.0,117,1),(1548,25.0,117,9),(1549,3.1,117,3),(1550,0.0,117,11),(1551,500.0,117,7),(1552,375.0,117,8),(1553,3.12,117,6),(1554,6.25,117,2),(1555,0.14,118,9),(1556,95.2,118,21),(1557,0.0,119,8),(1558,0.0,119,2),(1559,0.0,119,7),(1560,0.0,119,9),(1561,0.0,119,5),(1562,0.0,120,12),(1563,0.0,120,6),(1564,0.0,120,16),(1565,571.0,120,7),(1566,2500.0,120,8),(1567,57.14,120,2),(1568,0.0,120,4),(1569,32.14,120,9),(1570,714.0,120,14),(1571,7.14,120,5),(1572,0.0,120,3),(1573,143.0,120,11),(1574,0.89,121,9),(1575,0.0,121,4),(1576,80.0,121,7),(1577,0.0,121,5),(1578,0.0,121,14),(1579,429.0,121,8),(1580,0.0,121,16),(1581,0.27,121,6),(1582,125.0,121,11),(1583,16.96,121,2),(1584,84.0,121,12),(1585,0.0,121,3),(1586,200.0,121,1),(1587,21.43,122,2),(1588,0.0,122,8),(1589,214.0,122,12),(1590,3.86,122,6),(1591,50.0,122,9),(1592,10.7,122,3),(1593,286.0,122,23),(1594,0.0,122,14),(1595,0.0,122,16),(1596,571.0,122,7),(1597,3.57,122,4),(1598,0.0,122,11),(1599,21.43,122,5),(1600,7.0,123,12),(1601,0.12,123,6),(1602,7.0,123,19),(1603,8.0,123,8),(1604,54.0,123,7),(1605,13.9,123,4),(1606,20.3,123,16),(1607,85.0,123,1),(1608,0.0,123,2),(1609,13.9,123,5),(1610,3.0,123,23),(1611,0.0,123,9),(1612,0.2,124,10),(1613,0.85,124,18),(1614,0.0,124,20),(1615,43.27,124,9),(1616,4.0,124,21),(1617,2.26,124,15),(1618,332.0,124,19),(1619,6.0,124,40),(1620,12.39,124,2),(1621,0.85,124,37),(1622,7.5,124,41),(1623,54.0,124,28),(1624,150.0,124,36),(1625,0.0,124,24),(1626,50.1,124,25),(1627,285.0,124,12),(1628,3.5,124,3),(1629,2.47,124,31),(1630,0.0,124,33),(1631,1.45,124,6),(1632,129.0,124,23),(1633,1.4,124,16),(1634,0.0,124,29),(1635,0.18,124,17),(1636,22.0,124,11),(1637,606.0,124,1),(1638,0.0,124,42),(1639,590.0,124,7),(1640,0.0,124,44),(1641,0.1,124,30),(1642,25.0,124,43),(1643,37.68,124,5),(1644,13.0,124,39),(1645,2.61,124,27),(1646,25.0,124,35),(1647,55.0,124,26),(1648,0.0,124,34),(1649,0.48,124,13),(1650,25.0,124,32),(1651,14.63,124,4),(1652,111.0,124,8),(1653,9.0,124,38),(1654,4.9,124,22),(1655,107.0,125,11),(1656,0.0,125,6),(1657,1071.0,125,14),(1658,0.0,125,16),(1659,0.0,125,4),(1660,32.14,125,9),(1661,3.57,125,5),(1662,0.0,125,3),(1663,393.0,125,7),(1664,714.0,125,12),(1665,643.0,125,8),(1666,25.0,125,2),(1667,16.0,126,12),(1668,14.06,126,5),(1669,352.0,126,8),(1670,0.0,126,16),(1671,2.34,126,9),(1672,0.0,126,11),(1673,94.0,126,7),(1674,0.0,126,4),(1675,1.12,126,6),(1676,5.5,126,3),(1677,5.47,126,2),(1678,0.0,126,14),(1679,4.6,128,3),(1680,20.77,128,5),(1681,0.77,128,9),(1682,108.0,128,7),(1683,0.0,128,11),(1684,4.62,128,2),(1685,211.0,128,1),(1686,46.0,128,12),(1687,1.54,128,6),(1688,438.0,128,8),(1689,9.23,128,4),(1690,3.0,129,11),(1691,0.04,130,10),(1692,11.0,130,19),(1693,2.0,130,8),(1694,0.0,130,26),(1695,0.09,130,9),(1696,0.0,130,20),(1697,0.02,130,17),(1698,3.0,130,39),(1699,0.58,130,2),(1700,0.1,130,3),(1701,0.1,130,22),(1702,46.0,130,7),(1703,0.023,130,13),(1704,26.9,130,16),(1705,0.0,130,11),(1706,2.0,130,24),(1707,10.0,130,23),(1708,0.0,130,33),(1709,10.0,130,32),(1710,0.0,130,41),(1711,0.06,130,31),(1712,0.0,130,30),(1713,87.38,130,21),(1714,0.0,130,29),(1715,1.0,130,42),(1716,11.13,130,5),(1717,0.0,130,44),(1718,0.048,130,37),(1719,0.0,130,28),(1720,0.0,130,38),(1721,7.0,130,14),(1722,10.0,130,40),(1723,11.03,130,4),(1724,8.0,130,12),(1725,0.319,130,15),(1726,0.04,130,27),(1727,0.0,130,18),(1728,10.0,130,43),(1729,0.0,130,34),(1730,0.0,130,36),(1731,0.36,130,6),(1732,162.0,130,1),(1733,10.0,130,35),(1734,8.0,131,32),(1735,21.88,132,5),(1736,16.0,132,8),(1737,0.0,132,6),(1738,94.0,132,7),(1739,16.41,132,4),(1740,0.0,132,9),(1741,1367.0,132,14),(1742,0.0,132,12),(1743,117.0,132,1),(1744,0.0,132,2),(1745,0.0,132,11),(1746,0.9,132,16),(1747,0.0,132,3),(1748,97.0,133,7),(1749,0.88,133,4),(1750,115.0,133,8),(1751,1.77,133,9),(1752,6.19,133,2),(1753,18.58,133,5),(1754,5.3,133,3),(1755,11.11,134,9),(1756,1.33,134,6),(1757,11.11,134,2),(1758,407.0,134,7),(1759,148.0,134,12),(1760,66.67,134,5),(1761,7.41,134,4),(1762,13.3,134,16),(1763,0.0,134,11),(1764,3.7,134,3),(1765,1778.0,134,8),(1766,0.0,134,14),(1767,0.0,135,16),(1768,43.0,135,11),(1769,3.26,135,2),(1770,109.0,135,12),(1771,18.48,135,4),(1772,815.0,135,14),(1773,54.0,135,8),(1774,0.0,135,3),(1775,1.57,135,6),(1776,228.0,135,7),(1777,13.04,135,9),(1778,23.91,135,5),(1779,0.0,136,12),(1780,0.0,136,6),(1781,0.0,136,16),(1782,13.33,136,4),(1783,0.0,136,11),(1784,0.0,136,2),(1785,233.0,136,7),(1786,0.0,136,3),(1787,20.0,136,9),(1788,13.33,136,5),(1789,0.0,136,14),(1790,500.0,136,8),(1791,1.58,137,31),(1792,0.39,137,18),(1793,5.0,137,41),(1794,0.0,137,20),(1795,25.0,137,23),(1796,12.4,137,22),(1797,0.111,137,17),(1798,54.0,137,35),(1799,1.75,137,4),(1800,29.0,137,40),(1801,0.088,137,37),(1802,0.159,137,10),(1803,40.0,137,28),(1804,54.0,137,39),(1805,713.0,137,34),(1806,44.0,137,26),(1807,1.0,137,24),(1808,206.0,137,1),(1809,42.0,137,32),(1810,2.4,137,3),(1811,0.0,137,33),(1812,1.81,137,6),(1813,1.7,137,16),(1814,29.0,137,11),(1815,23.0,137,43),(1816,1.947,137,15),(1817,511.0,137,8),(1818,0.0,137,42),(1819,197.0,137,19),(1820,0.0,137,44),(1821,0.0,137,38),(1822,12.46,137,9),(1823,11.36,137,2),(1824,205.0,137,12),(1825,0.1,137,30),(1826,229.0,137,7),(1827,0.44,137,27),(1828,18.0,137,29),(1829,56.08,137,21),(1830,0.0,137,36),(1831,17.83,137,5),(1832,0.194,137,13),(1833,19.3,137,25),(1842,27.5,139,9),(1843,500.0,139,14),(1844,0.0,139,16),(1845,17.5,139,4),(1846,5.0,139,2),(1847,50.0,139,5),(1848,162.0,139,8),(1849,100.0,139,12),(1850,475.0,139,7),(1851,2.5,139,3),(1852,2.7,139,6),(1853,62.0,139,11),(1854,0.0,140,2),(1855,0.0,140,4),(1856,0.0,140,7),(1857,0.0,141,6),(1858,58.0,141,7),(1859,0.72,141,9),(1860,111.0,141,1),(1861,121.0,141,12),(1862,0.0,141,14),(1863,0.0,141,16),(1864,2.0,141,11),(1865,11.11,141,5),(1866,10.63,141,4),(1867,0.0,141,3),(1868,2.42,141,2),(1869,41.0,141,8),(1870,16.0,142,8),(1871,4.0,142,2),(1872,4.0,142,11),(1873,52.0,142,4),(1874,40.0,142,9),(1875,8.0,142,3),(1876,592.0,142,7),(1877,52.0,142,5),(1878,32.0,143,12),(1879,229.0,143,7),(1880,3.57,143,4),(1881,28.57,143,2),(1882,7.14,143,5),(1883,146.0,143,1),(1884,1696.0,143,8),(1885,7.14,143,9),(1886,3.33,144,2),(1887,0.0,144,6),(1888,50.0,144,9),(1889,3.33,144,5),(1890,700.0,144,8),(1891,100.0,144,12),(1892,0.0,144,3),(1893,50.0,144,11),(1894,53.57,146,5),(1895,21.43,146,9),(1896,475.0,146,12),(1897,3.6,146,3),(1898,0.0,146,11),(1899,0.0,146,4),(1900,211.0,146,1),(1901,571.0,146,8),(1902,7.14,146,2),(1903,429.0,146,7),(1904,3.57,146,6),(1905,1.93,147,6),(1906,107.0,147,7),(1907,3.57,147,4),(1908,1107.0,147,8),(1909,5.36,147,5),(1910,16.07,147,2),(1911,54.0,147,11),(1912,3.57,147,9),(1913,0.0,148,2),(1914,714.0,148,7),(1915,36.0,148,11),(1916,643.0,148,8),(1917,78.57,148,9),(1918,107.0,149,11),(1919,3.86,149,6),(1920,179.0,149,7),(1921,28.57,149,2),(1922,3.57,149,5),(1923,1286.0,149,8),(1924,3.57,149,9),(1925,18.0,150,28),(1926,0.0,151,8),(1927,50.0,151,9),(1928,20.59,151,5),(1929,235.0,151,12),(1930,20.59,151,2),(1931,706.0,151,1),(1932,0.0,151,14),(1933,0.0,151,16),(1934,588.0,151,7),(1935,0.0,151,11),(1936,2.94,151,4),(1937,11.8,151,3),(1938,4.24,151,6),(1939,4.76,152,2),(1940,0.0,152,16),(1941,381.0,152,7),(1942,21.43,152,9),(1943,1.71,152,6),(1944,38.1,152,4),(1945,476.0,152,14),(1946,3429.0,152,8),(1947,24.0,152,11),(1948,95.0,152,12),(1949,52.38,152,5),(1950,4.8,152,3),(1951,8.77,153,4),(1952,0.0,153,16),(1953,56.14,153,5),(1954,0.0,153,11),(1955,105.0,153,8),(1956,24.56,153,2),(1957,9.47,153,6),(1958,333.0,153,7),(1959,14.0,153,3),(1960,70.0,153,12),(1961,6.14,153,9),(1962,0.0,153,14),(1963,1.4,154,3),(1964,64.0,154,12),(1965,1.43,154,4),(1966,0.79,154,6),(1967,16.43,154,5),(1968,86.0,154,7),(1969,4.0,154,11),(1970,89.0,154,8),(1971,3.57,154,2),(1972,443.0,154,1),(1973,1.07,154,9),(1974,0.0,155,12),(1975,29.0,155,7),(1976,0.0,155,11),(1977,0.0,155,2),(1978,2.94,155,4),(1979,853.0,155,8),(1980,0.0,155,9),(1981,2.9,155,3),(1982,2.12,155,6),(1983,2.94,155,5),(1984,11.0,156,12),(1985,14.0,156,8),(1986,54.0,156,7),(1987,0.0,156,2),(1988,13.24,156,4),(1989,0.0,156,9),(1990,13.52,156,5),(1991,33.33,157,2),(1992,0.0,157,16),(1993,400.0,157,7),(1994,8.0,157,11),(1995,167.0,157,12),(1996,0.0,157,4),(1997,317.0,157,8),(1998,1.7,157,3),(1999,2.4,157,6),(2000,13.33,157,9),(2001,0.0,157,14),(2002,40.0,157,5),(2003,0.66,158,4),(2004,1.97,158,6),(2005,55.0,158,1),(2006,454.0,158,8),(2007,211.0,158,7),(2008,177.0,158,12),(2009,14.47,158,2),(2010,79.0,158,11),(2011,0.0,158,3),(2012,11.18,158,9),(2013,22.37,158,5),(2014,1.0,159,26),(2015,0.0,159,20),(2016,6.68,159,5),(2017,76.0,159,19),(2018,4.4,159,16),(2019,4.8,159,41),(2020,3.34,159,2),(2021,0.0,159,40),(2022,0.085,159,13),(2023,0.0,159,11),(2024,0.244,159,37),(2025,0.0,159,24),(2026,17.0,159,12),(2027,304.0,159,8),(2028,0.0,159,25),(2029,0.0,159,33),(2030,685.0,159,1),(2031,0.732,159,15),(2032,1.0,159,22),(2033,1.77,159,27),(2034,7.0,159,32),(2035,0.0,159,30),(2036,14.0,159,39),(2037,83.56,159,21),(2038,0.0,159,29),(2039,0.65,159,6),(2040,0.0,159,42),(2041,0.0,159,44),(2042,71.0,159,7),(2043,0.0,159,38),(2044,1.41,159,31),(2045,0.0,159,28),(2046,0.173,159,10),(2047,2.8,159,3),(2048,0.293,159,17),(2049,0.0,159,18),(2050,0.0,159,36),(2051,0.0,159,34),(2052,7.0,159,43),(2053,3.85,159,4),(2054,4.0,159,23),(2055,4.5,159,9),(2056,7.0,159,35),(2100,17.86,161,2),(2101,0.0,161,16),(2102,64.29,161,5),(2103,268.0,161,8),(2104,3.6,161,3),(2105,18.0,161,11),(2106,1.29,161,6),(2107,28.57,161,4),(2108,16.07,161,9),(2109,71.0,161,12),(2110,429.0,161,7),(2111,0.0,161,14),(2112,0.0,162,6),(2113,3.75,162,2),(2114,375.0,162,14),(2115,44.0,162,11),(2116,28.75,162,5),(2117,100.0,162,8),(2118,10.0,162,9),(2119,225.0,162,7),(2120,0.0,162,16),(2121,125.0,162,12),(2122,23.75,162,4),(2123,0.0,162,3),(2124,200.0,162,1),(2125,0.0,163,12),(2126,0.0,163,6),(2127,0.0,163,1),(2128,0.0,163,11),(2129,0.0,163,2),(2130,969.0,163,8),(2131,25.0,163,5),(2132,0.0,163,3),(2133,438.0,163,7),(2134,37.5,163,9),(2135,25.0,163,4),(2136,0.0,164,2),(2137,0.0,164,7),(2138,1036.0,164,8),(2139,3.57,164,5),(2140,0.0,164,9),(2141,0.0,165,12),(2142,0.0,165,8),(2143,0.0,165,6),(2144,0.0,165,16),(2145,381.0,165,7),(2146,97.62,165,5),(2147,0.0,165,11),(2148,0.0,165,2),(2149,92.86,165,4),(2150,0.0,165,9),(2151,0.0,165,3),(2152,0.0,165,14),(2153,0.0,166,6),(2154,3.6,166,3),(2155,7.143,166,15),(2156,0.455,166,13),(2157,12.5,166,2),(2158,0.0,166,14),(2159,0.0,166,12),(2160,73.21,166,5),(2161,0.0,166,16),(2162,1.79,166,9),(2163,214.0,166,32),(2164,3.57,166,4),(2165,1.0,166,10),(2166,0.0,166,11),(2167,357.0,166,7),(2168,46.43,167,2),(2169,10.71,167,4),(2170,321.0,167,7),(2171,89.0,167,11),(2172,21.43,167,5),(2173,7.14,167,9),(2174,1000.0,167,8),(2175,0.0,168,8),(2176,0.0,168,16),(2177,14.29,168,4),(2178,0.0,168,2),(2179,0.0,168,11),(2180,1.29,168,6),(2181,71.0,168,12),(2182,0.0,168,9),(2183,14.29,168,5),(2184,71.0,168,7),(2185,0.0,168,3),(2186,0.0,168,14),(2187,0.0,169,12),(2188,17.86,169,2),(2189,5.36,169,9),(2190,0.0,169,16),(2191,0.0,169,4),(2192,125.0,169,7),(2193,0.64,169,6),(2194,0.0,169,3),(2195,1054.0,169,8),(2196,27.0,169,11),(2197,0.0,169,5),(2198,0.0,169,14),(2199,28.0,170,12),(2200,0.0,170,16),(2201,77.0,170,11),(2202,18.31,170,9),(2203,1.52,170,6),(2204,32.39,170,4),(2205,0.4,170,3),(2206,47.89,170,5),(2207,4.23,170,2),(2208,254.0,170,8),(2209,380.0,170,7),(2210,704.0,170,14),(2211,12.5,171,17),(2212,0.0,171,8),(2213,0.0,171,2),(2214,312.0,171,7),(2215,0.0,171,9),(2216,125.0,171,15),(2217,37.5,171,18),(2218,0.0,171,5),(2219,0.4,172,9),(2220,2602.0,172,14),(2221,740.0,172,8),(2222,5.5,172,18),(2223,1.83,172,17),(2224,31.1,172,6),(2225,25.0,172,16),(2226,6.0,172,12),(2227,182.0,172,1),(2228,96.0,172,19),(2229,2.9,172,21),(2230,8.9,172,4),(2231,1.0,172,31),(2232,1.0,172,10),(2233,363.0,172,32),(2234,0.0,172,11),(2235,7.6,172,2),(2236,40.0,172,23),(2237,86.4,172,5),(2238,1.2,172,3),(2239,18.2,172,15),(2240,1.54,172,13),(2241,324.0,173,7),(2242,6.0,173,12),(2243,0.0,173,6),(2244,58.82,173,4),(2245,82.35,173,5),(2246,109.0,173,1),(2247,0.0,173,11),(2248,0.0,173,2),(2249,0.0,173,9),(2250,0.0,173,3),(2251,73.5,173,16),(2252,250.0,173,8),(2253,0.0,174,26),(2254,0.0,174,32),(2255,0.0,174,20),(2256,0.0,174,39),(2257,0.07,174,31),(2258,0.26,174,6),(2259,0.0,174,17),(2260,669.0,174,1),(2261,0.0,174,15),(2262,1.7,174,41),(2263,0.0,174,40),(2264,59.29,174,5),(2265,2.3,174,25),(2266,0.0,174,13),(2267,0.0,174,11),(2268,0.0,174,24),(2269,0.0,174,43),(2270,0.0,174,33),(2271,0.0,174,35),(2272,0.0,174,22),(2273,7.77,174,4),(2274,288.0,174,19),(2275,0.0,174,30),(2276,0.0,174,29),(2277,2.98,174,21),(2278,0.0,174,42),(2279,2.48,174,2),(2280,0.0,174,44),(2281,0.0,174,38),(2282,0.0,174,28),(2283,0.018,174,37),(2284,529.0,174,7),(2285,2.0,174,12),(2286,0.0,174,16),(2287,1.26,174,27),(2288,0.0,174,10),(2289,0.0,174,18),(2290,32.92,174,9),(2291,0.0,174,36),(2292,124.0,174,8),(2293,0.0,174,34),(2294,1.0,174,23),(2295,0.0,174,3),(2296,18.0,175,12),(2297,2.63,175,2),(2298,36.84,175,5),(2299,307.0,175,7),(2300,0.9,175,3),(2301,14.91,175,4),(2302,13.0,175,11),(2303,15.79,175,9),(2304,1.26,175,6),(2305,1.1,175,16),(2306,0.0,175,14),(2307,289.0,175,8),(2308,22500.0,176,8),(2309,0.0,176,2),(2310,0.0,176,7),(2311,0.0,176,9),(2312,0.0,176,5),(2313,21.88,177,5),(2314,16.0,177,8),(2315,0.0,177,6),(2316,94.0,177,7),(2317,16.41,177,4),(2318,0.0,177,9),(2319,1367.0,177,14),(2320,0.0,177,12),(2321,117.0,177,1),(2322,0.0,177,11),(2323,0.0,177,2),(2324,0.9,177,16),(2325,0.0,177,3),(2326,867.0,178,7),(2327,93.33,178,9),(2328,5.71,179,2),(2329,1.43,179,4),(2330,2.1,179,3),(2331,7.0,179,11),(2332,0.51,179,6),(2333,29.0,179,12),(2334,186.0,179,7),(2335,336.0,179,8),(2336,10.7,179,16),(2337,36.43,179,5),(2338,2.14,179,9),(2339,0.0,179,14),(2340,3.3,180,3),(2341,6.67,180,2),(2342,500.0,180,7),(2343,56.67,180,5),(2344,30.0,180,9),(2345,33.0,180,8),(2346,50.0,180,4),(2347,3.33,181,2),(2348,3.33,181,5),(2349,40.0,181,9),(2350,3.33,181,4),(2351,733.0,181,8),(2352,17.0,181,11),(2353,367.0,181,7),(2354,318.0,182,7),(2355,0.0,182,8),(2356,81.82,182,5),(2357,13.64,182,6),(2358,82.0,182,12),(2359,0.0,182,2),(2360,0.0,182,11),(2361,9.09,182,4),(2362,809.0,182,1),(2363,0.0,182,9),(2364,0.0,182,3),(2365,57.14,183,5),(2366,8.93,183,9),(2367,2.5,183,6),(2368,3.6,183,3),(2369,10.71,183,2),(2370,357.0,183,7),(2371,0.0,183,1),(2372,36.0,183,11),(2373,17.86,183,4),(2374,143.0,183,12),(2375,321.0,183,8),(2376,77.5,184,22),(2377,24.0,184,32),(2378,7.77,184,6),(2379,7.28,184,5),(2380,152.0,184,1),(2381,115.0,184,19),(2382,56.0,184,12),(2383,163.0,184,8),(2384,0.13,184,10),(2385,19.0,184,28),(2386,33.0,184,23),(2387,24.0,184,43),(2388,0.076,184,17),(2389,19.0,184,26),(2390,79.0,184,7),(2391,24.0,184,35),(2392,0.0,184,29),(2393,24.3,184,18),(2394,2.12,184,9),(2395,38.0,184,11),(2396,0.055,184,13),(2397,45.15,184,31),(2398,6.0,184,16),(2399,81.95,184,21),(2400,7.0,184,2),(2401,1.792,184,15),(2402,63.0,184,14),(2403,0.0,184,3),(2404,1.434,184,37),(2405,0.0,185,6),(2406,147.0,185,8),(2407,14.13,185,4),(2408,326.0,185,12),(2409,109.0,185,7),(2410,1.1,185,3),(2411,21.74,185,5),(2412,0.0,185,14),(2413,0.0,185,16),(2414,0.0,185,2),(2415,2.17,185,9),(2416,22.0,185,1),(2417,0.0,185,11),(2418,6.1,186,3),(2419,108.0,186,43),(2420,0.0,186,20),(2421,101.0,186,19),(2422,1.64,186,6),(2423,0.72,186,31),(2424,108.0,186,35),(2425,17.9,186,5),(2426,108.0,186,32),(2427,206.0,186,8),(2428,3.3,186,22),(2429,8.0,186,40),(2430,4361.0,186,34),(2431,0.0,186,11),(2432,0.0,186,24),(2433,2.6,186,16),(2434,0.544,186,15),(2435,40.0,186,23),(2436,0.0,186,33),(2437,81.0,186,39),(2438,357.0,186,1),(2439,7.0,186,26),(2440,0.0,186,30),(2441,0.174,186,37),(2442,6.07,186,2),(2443,5.48,186,9),(2444,0.0,186,29),(2445,31.0,186,12),(2446,1.0,186,42),(2447,141.0,186,7),(2448,0.0,186,44),(2449,0.0,186,38),(2450,0.0,186,28),(2451,69.07,186,21),(2452,0.059,186,13),(2453,24.9,186,25),(2454,1.33,186,4),(2455,0.15,186,17),(2456,9.0,186,41),(2457,1.62,186,27),(2458,0.138,186,10),(2459,0.0,186,18),(2460,0.0,186,36),(2461,107.0,187,7),(2462,0.0,187,2),(2463,25.0,187,5),(2464,607.0,187,8),(2465,0.0,187,9),(2466,25.0,187,4),(2510,0.0,190,12),(2511,3.3,190,3),(2512,0.0,190,6),(2513,0.0,190,16),(2514,217.0,190,8),(2515,63.33,190,5),(2516,467.0,190,7),(2517,0.0,190,11),(2518,10.0,190,2),(2519,40.0,190,4),(2520,20.0,190,9),(2521,0.0,190,14),(2522,12.39,191,2),(2523,0.71,191,6),(2524,117.0,191,1),(2525,0.0,191,4),(2526,50.0,191,12),(2527,106.0,191,11),(2528,0.0,191,9),(2529,0.0,191,3),(2530,53.0,191,7),(2531,566.0,191,8),(2532,0.0,191,5),(2533,93.1,192,5),(2534,75.86,192,4),(2535,3.45,192,2),(2536,69.0,192,12),(2537,966.0,192,1),(2538,69.0,192,8),(2539,0.0,193,12),(2540,18.18,193,5),(2541,2.18,193,6),(2542,18.2,193,16),(2543,0.0,193,11),(2544,1515.0,193,14),(2545,9.09,193,4),(2546,0.0,193,9),(2547,3.0,193,3),(2548,61.0,193,8),(2549,106.0,193,7),(2550,6.06,193,2),(2551,16.0,194,12),(2552,1.9,194,16),(2553,1.19,194,9),(2554,1.14,194,6),(2555,4.76,194,4),(2556,0.0,194,11),(2557,2.4,194,3),(2558,516.0,194,8),(2559,0.79,194,2),(2560,8.73,194,5),(2561,278.0,194,1),(2562,397.0,194,14),(2563,6.0,195,12),(2564,7.98,195,5),(2565,0.12,195,6),(2566,9.0,195,8),(2567,31.0,195,7),(2568,6.1,195,16),(2569,0.0,195,2),(2570,12.0,195,1),(2571,0.123,195,17),(2572,0.12,195,18),(2573,6.75,195,4),(2574,83.0,196,11),(2575,0.0,196,16),(2576,613.0,196,8),(2577,53.0,196,12),(2578,10.0,196,2),(2579,2.67,196,4),(2580,240.0,196,7),(2581,0.72,196,6),(2582,0.0,196,3),(2583,20.0,196,9),(2584,4.67,196,5),(2585,0.0,196,14),(2586,32.0,197,12),(2587,13.6,197,5),(2588,4000.0,197,14),(2589,0.8,197,2),(2590,12.0,197,11),(2591,7.2,197,16),(2592,1.6,197,3),(2593,96.0,197,7),(2594,7.2,197,4),(2595,4.0,197,9),(2596,296.0,197,8),(2597,0.58,197,6),(2598,350.0,198,7),(2599,15.0,198,8),(2600,150.0,198,12),(2601,7.2,198,6),(2602,0.0,198,11),(2603,24.0,198,2),(2604,100.0,198,14),(2605,7.0,198,4),(2606,63.0,198,5),(2607,1.0,198,9),(2608,16.0,198,3),(2609,4.8,198,16),(2610,0.0,199,12),(2611,51.0,199,11),(2612,14.29,199,9),(2613,204.0,199,7),(2614,918.0,199,8),(2615,0.0,199,4),(2616,6.12,199,5),(2617,0.0,199,3),(2618,2.2,199,6),(2619,4.9,199,16),(2620,16.33,199,2),(2621,0.0,199,14),(2622,10.7,200,5),(2623,0.0,200,2),(2624,39.0,200,7),(2625,17.0,200,8),(2626,10.7,200,4),(2627,70.0,201,9),(2628,0.0,201,8),(2629,0.0,201,2),(2630,667.0,201,7),(2631,6.67,201,5),(2632,32.0,202,12),(2633,474.0,202,8),(2634,368.0,202,7),(2635,14.04,202,2),(2636,47.37,202,5),(2637,8.8,202,3),(2638,347.0,202,1),(2639,10.53,202,9),(2640,22.81,202,4),(2641,3.51,202,6),(2642,0.0,203,8),(2643,0.0,203,2),(2644,0.0,203,4),(2645,0.0,203,7),(2646,0.0,203,9),(2647,0.0,203,5),(2648,0.0,204,12),(2649,28.57,204,5),(2650,1679.0,204,8),(2651,107.0,204,11),(2652,286.0,204,7),(2653,0.0,204,16),(2654,35.71,204,2),(2655,0.0,204,3),(2656,2.57,204,6),(2657,0.0,204,14),(2658,3.57,204,9),(2659,25.0,204,4),(2660,81.0,205,7),(2661,4.12,205,9),(2662,0.0,205,6),(2663,1.4,205,16),(2664,147.0,205,12),(2665,0.0,205,3),(2666,7.65,205,4),(2667,53.0,205,8),(2668,8.82,205,5),(2669,17.0,205,11),(2670,176.0,205,14),(2671,3.53,205,2),(2672,0.0,206,12),(2673,0.0,206,6),(2674,0.0,206,16),(2675,778.0,206,8),(2676,0.0,206,2),(2677,0.0,206,1),(2678,0.0,206,11),(2679,0.0,206,4),(2680,66.67,206,9),(2681,0.0,206,3),(2682,0.0,206,5),(2683,0.0,206,14),(2684,1.71,207,6),(2685,29.52,207,4),(2686,52.0,207,11),(2687,95.0,207,12),(2688,11.43,207,9),(2689,32.38,207,5),(2690,238.0,207,7),(2691,229.0,207,1),(2692,1.9,207,3),(2693,0.0,207,16),(2694,381.0,207,14),(2695,3.81,207,2),(2696,76.0,207,8),(2697,0.0,208,8),(2698,0.0,208,16),(2699,6.7,208,3),(2700,0.0,208,11),(2701,13.33,208,2),(2702,133.0,208,12),(2703,66.67,208,9),(2704,667.0,208,7),(2705,2.4,208,6),(2706,13.33,208,5),(2707,3.33,208,4),(2708,0.0,208,14),(2709,125.81,209,5),(2710,122.58,209,4),(2711,0.0,209,2),(2712,81.0,209,8),(2713,516.0,209,7),(2714,41.38,210,4),(2715,3.45,210,2),(2716,1.72,210,6),(2717,72.41,210,5),(2718,24.14,210,9),(2719,517.0,210,7),(2720,34.0,210,1),(2721,276.0,210,8),(2722,0.0,211,12),(2723,42.9,211,16),(2724,0.0,211,6),(2725,1071.0,211,14),(2726,21.43,211,9),(2727,7.14,211,4),(2728,446.0,211,8),(2729,3.57,211,2),(2730,250.0,211,7),(2731,71.0,211,11),(2732,0.0,211,3),(2733,10.71,211,5),(2734,0.0,212,12),(2735,679.0,212,8),(2736,21.43,212,2),(2737,1071.0,212,14),(2738,21.43,212,9),(2739,3.57,212,4),(2740,3.6,212,3),(2741,321.0,212,7),(2742,71.0,212,11),(2743,7.14,212,5),(2744,8.6,212,16),(2745,2.57,212,6),(2746,0.0,213,12),(2747,0.0,213,8),(2748,0.0,213,6),(2749,375.0,213,7),(2750,0.0,213,1),(2751,0.0,213,11),(2752,0.0,213,2),(2753,100.0,213,5),(2754,0.0,213,9),(2755,0.0,213,3),(2756,100.0,213,4),(2757,1.9,214,3),(2758,577.0,214,8),(2759,5.77,214,9),(2760,26.92,214,2),(2761,192.0,214,7),(2762,3.85,214,4),(2763,9.62,214,5),(2764,16.67,215,2),(2765,43.33,215,5),(2766,0.0,215,4),(2767,500.0,215,7),(2768,33.3,215,3),(2769,30.0,215,9),(2770,36.0,216,12),(2771,107.0,216,1),(2772,1.43,216,6),(2773,3.6,216,3),(2774,286.0,216,8),(2775,3.57,216,2),(2776,10.71,216,9),(2777,75.0,216,5),(2778,429.0,216,7),(2779,32.14,216,4),(2780,10.64,217,4),(2781,0.0,217,6),(2782,0.0,217,16),(2783,106.0,217,12),(2784,142.0,217,14),(2785,18.0,217,11),(2786,4.96,217,9),(2787,3.55,217,2),(2788,12.77,217,5),(2789,0.0,217,3),(2790,57.0,217,8),(2791,1.58,218,31),(2792,0.211,218,17),(2793,13.5,218,5),(2794,93.0,218,7),(2795,0.4,218,3),(2796,165.0,218,12),(2797,84.0,218,8),(2798,1.9,218,6),(2799,2.0,218,11),(2800,3.8,218,2),(2801,6.33,218,4),(2802,42.0,218,32),(2803,0.211,218,37),(2804,2.11,218,15),(2805,181.0,218,1),(2806,527.0,218,14),(2807,42.0,218,23),(2808,12.7,218,16),(2809,105.0,218,19),(2810,0.0,218,10),(2811,0.179,218,13),(2812,8.4,218,41),(2813,2.53,218,9),(2814,0.63,218,18),(2815,7.0,218,22),(2816,0.0,219,6),(2817,0.0,219,26),(2818,0.0,219,32),(2819,0.0,219,20),(2820,0.0,219,39),(2821,1.0,219,1),(2822,0.0,219,17),(2823,0.0,219,15),(2824,2.05,219,5),(2825,0.0,219,40),(2826,0.0,219,31),(2827,0.0,219,13),(2828,0.0,219,11),(2829,0.0,219,24),(2830,1.96,219,4),(2831,0.0,219,25),(2832,0.0,219,43),(2833,0.0,219,33),(2834,0.0,219,35),(2835,0.0,219,22),(2836,97.8,219,21),(2837,0.0,219,41),(2838,0.0,219,30),(2839,0.0,219,27),(2840,0.0,219,29),(2841,0.02,219,2),(2842,0.0,219,42),(2843,8.0,219,7),(2844,0.0,219,44),(2845,0.0,219,9),(2846,0.0,219,38),(2847,0.0,219,28),(2848,0.009,219,37),(2849,3.0,219,12),(2850,0.0,219,19),(2851,13.0,219,8),(2852,0.0,219,16),(2853,0.0,219,10),(2854,0.0,219,18),(2855,0.0,219,36),(2856,0.0,219,34),(2857,1.0,219,23),(2858,0.0,219,3),(2859,8.0,220,12),(2860,398.0,220,14),(2861,0.2,220,9),(2862,0.0,220,16),(2863,1.2,220,2),(2864,0.0,220,11),(2865,311.0,220,8),(2866,0.14,220,6),(2867,5.58,220,5),(2868,28.0,220,7),(2869,1.2,220,3),(2870,1.99,220,4),(2871,1.5,221,6),(2872,0.4,221,31),(2873,0.6,221,15),(2874,18.1,221,5),(2875,14.1,221,2),(2876,5.8,221,9),(2877,59.8,221,21),(2878,0.0,221,14),(2879,80.0,221,12),(2880,0.0,221,16),(2881,22.0,221,32),(2882,1.9,221,4),(2883,90.0,221,19),(2884,0.0,221,10),(2885,1.0,221,11),(2886,452.0,221,8),(2887,0.0,221,18),(2888,321.0,221,1),(2889,158.0,221,7),(2890,6.8,221,3),(2891,0.05,221,17),(2892,35.0,221,23),(2893,0.13,221,13),(2894,4.84,222,5),(2895,8.06,222,9),(2896,153.0,222,8),(2897,48.0,222,11),(2898,4.84,222,4),(2899,9.68,222,2),(2900,194.0,222,12),(2901,145.0,222,7),(2902,4.76,223,4),(2903,19.05,223,2),(2904,95.0,223,11),(2905,23.81,223,9),(2906,333.0,223,7),(2907,1286.0,223,8),(2908,9.52,223,5),(2909,0.0,224,2),(2910,0.0,224,4),(2911,0.0,224,7),(2912,1.06,225,18),(2913,0.0,225,20),(2914,95.0,225,19),(2915,0.78,225,27),(2916,11.0,225,43),(2917,8.75,225,5),(2918,6.35,225,4),(2919,317.0,225,1),(2920,11.0,225,35),(2921,9.0,225,22),(2922,6167.0,225,34),(2923,0.036,225,10),(2924,0.0,225,24),(2925,54.0,225,40),(2926,150.0,225,39),(2927,2.57,225,31),(2928,0.0,225,33),(2929,26.0,225,12),(2930,0.124,225,13),(2931,2.572,225,15),(2932,14.0,225,26),(2933,3.8,225,16),(2934,0.0,225,30),(2935,71.61,225,21),(2936,0.9,225,3),(2937,0.0,225,29),(2938,0.214,225,17),(2939,1.52,225,6),(2940,37.5,225,25),(2941,1.0,225,42),(2942,18.0,225,23),(2943,0.095,225,37),(2944,0.0,225,44),(2945,0.0,225,38),(2946,1.0,225,28),(2947,566.0,225,8),(2948,10.78,225,2),(2949,11.0,225,32),(2950,4.5,225,41),(2951,6.77,225,9),(2952,138.0,225,7),(2953,0.0,225,36),(2954,34.0,225,11),(2955,0.0,226,12),(2956,0.0,226,6),(2957,0.0,226,16),(2958,43.24,226,4),(2959,0.0,226,11),(2960,0.0,226,2),(2961,48.65,226,5),(2962,189.0,226,7),(2963,0.0,226,9),(2964,0.0,226,3),(2965,784.0,226,8),(2966,0.0,226,14),(2967,2.92,227,5),(2968,0.0,227,6),(2969,7.5,227,16),(2970,0.0,227,11),(2971,0.0,227,2),(2972,17.0,227,12),(2973,2.92,227,4),(2974,21.0,227,8),(2975,12.0,227,7),(2976,0.0,227,9),(2977,0.0,227,3),(2978,0.0,227,14),(2979,75.0,228,8),(2980,0.0,228,2),(2981,0.0,228,4),(2982,2.5,228,18),(2983,0.42,228,5),(2984,8.333,228,15),(2985,0.0,228,9),(2986,0.833,228,17),(2987,1.61,229,2),(2988,65.0,229,7),(2989,0.0,229,12),(2990,9.68,229,5),(2991,6.45,229,4),(2992,0.0,229,16),(2993,605.0,229,14),(2994,2.42,229,9),(2995,4.0,229,11),(2996,1.6,229,3),(2997,355.0,229,8),(2998,0.58,229,6),(2999,0.0,230,16),(3000,364.0,230,8),(3001,0.0,230,4),(3002,23.64,230,2),(3003,155.0,230,11),(3004,5.45,230,9),(3005,0.0,230,3),(3006,2.62,230,6),(3007,0.0,230,5),(3008,145.0,230,7),(3009,273.0,230,12),(3010,0.0,230,14),(3011,0.0,231,6),(3012,0.0,231,16),(3013,844.0,231,8),(3014,16.0,231,11),(3015,62.0,231,12),(3016,3.12,231,4),(3017,31.25,231,9),(3018,53.12,231,5),(3019,0.0,231,3),(3020,531.0,231,7),(3021,6.25,231,2),(3022,0.0,231,14),(3023,3.45,232,2),(3024,207.0,232,7),(3025,26.44,232,5),(3026,115.0,232,12),(3027,40.0,232,11),(3028,9.2,232,9),(3029,1.1,232,3),(3030,21.84,232,4),(3031,1.38,232,6),(3032,69.0,232,8),(3033,0.245,233,37),(3034,41.0,233,35),(3035,8.7,233,2),(3036,0.0,233,26),(3037,0.0,233,20),(3038,50.0,233,23),(3039,1.03,233,31),(3040,63.27,233,21),(3041,0.0,233,39),(3042,177.0,233,19),(3043,8.8,233,3),(3044,2.08,233,6),(3045,135.0,233,7),(3046,41.0,233,43),(3047,0.03,233,27),(3048,0.106,233,13),(3049,0.127,233,17),(3050,41.0,233,32),(3051,6.8,233,41),(3052,0.0,233,40),(3053,24.72,233,5),(3054,0.0,233,11),(3055,0.0,233,24),(3056,1.3,233,16),(3057,0.0,233,33),(3058,433.0,233,1),(3059,1.8,233,22),(3060,0.0,233,30),(3061,0.0,233,29),(3062,0.168,233,10),(3063,0.0,233,42),(3064,0.0,233,44),(3065,0.6,233,9),(3066,0.0,233,38),(3067,0.0,233,28),(3068,3.08,233,4),(3069,0.782,233,15),(3070,48.0,233,12),(3071,195.0,233,8),(3072,0.0,233,18),(3073,0.0,233,36),(3074,0.0,233,34),(3075,50.8,233,25),(3076,7.0,234,12),(3077,350.0,234,7),(3078,22.0,234,8),(3079,0.0,234,6),(3080,0.0,234,16),(3081,0.0,234,11),(3082,50.0,234,5),(3083,5.0,234,4),(3084,17.5,234,3),(3085,5.1,234,2),(3086,0.5,234,9),(3087,0.0,234,14),(3088,0.0,235,12),(3089,8.75,235,9),(3090,1.88,235,2),(3091,0.45,235,6),(3092,13.1,235,16),(3093,28.0,235,11),(3094,12.5,235,5),(3095,0.0,235,4),(3096,138.0,235,7),(3097,312.0,235,14),(3098,0.6,235,3),(3099,225.0,235,8),(3100,9.36,236,27),(3101,9.0,237,12),(3102,177.0,237,14),(3103,0.0,237,16),(3104,5.31,237,9),(3105,115.0,237,8),(3106,21.24,237,2),(3107,0.0,237,4),(3108,0.32,237,6),(3109,53.0,237,11),(3110,0.0,237,3),(3111,142.0,237,7),(3112,0.0,237,5),(3113,4.61,238,15),(3114,0.0,239,12),(3115,0.0,239,6),(3116,107.0,239,7),(3117,0.0,239,2),(3118,21.43,239,4),(3119,0.0,239,11),(3120,25.0,239,5),(3121,607.0,239,8),(3122,0.0,239,9),(3123,0.0,239,3),(3124,0.0,240,12),(3125,6.62,240,9),(3126,794.0,240,8),(3127,147.0,240,7),(3128,4.41,240,4),(3129,1.8,240,16),(3130,74.0,240,11),(3131,0.0,240,3),(3132,294.0,240,14),(3133,17.65,240,2),(3134,0.53,240,6),(3135,5.88,240,5),(3136,2600.0,241,1),(3137,400.0,241,7),(3138,28.0,241,6),(3139,60.0,241,16),(3140,2560.0,241,41),(3141,20.0,241,2),(3142,800.0,241,12),(3143,200.0,241,8),(3144,0.0,241,9),(3145,40.0,241,3),(3146,60.0,241,5),(3147,14.0,242,12),(3148,18.57,242,5),(3149,0.7,242,3),(3150,12.86,242,2),(3151,0.0,242,4),(3152,186.0,242,7),(3153,471.0,242,8),(3154,1.03,242,6),(3155,6.43,242,9),(3156,1.7,242,16),(3157,21.0,242,11),(3158,0.0,242,14),(3159,7.0,243,12),(3160,3.31,243,9),(3161,1.23,243,6),(3162,172.0,243,1),(3163,389.0,243,7),(3164,0.0,243,11),(3165,5.31,243,2),(3166,776.0,243,8),(3167,3.2,243,3),(3168,85.62,243,5),(3169,23.37,243,4),(3170,7.1,244,4),(3171,0.4,244,3),(3172,6.6,244,2),(3173,10.0,244,9),(3174,10.0,245,12),(3175,10.0,245,8),(3176,0.0,245,11),(3177,1.0,245,2),(3178,200.0,245,14),(3179,16.8,245,16),(3180,2.0,245,4),(3181,16.0,245,7),(3182,0.36,245,6),(3183,0.0,245,9),(3184,1.0,245,3),(3185,3.0,245,5),(3186,214.0,246,11),(3187,0.0,246,8),(3188,0.0,246,2),(3189,714.0,246,7),(3190,2857.0,246,14),(3191,78.57,246,9),(3192,0.0,246,5),(3193,382.0,247,7),(3194,5.88,247,2),(3195,5.88,247,4),(3196,73.53,247,5),(3197,4.41,247,9),(3198,1559.0,247,8),(3199,2.9,247,3),(3200,57.0,248,12),(3201,2.05,248,18),(3202,0.0,248,4),(3203,341.0,248,11),(3204,0.0,248,3),(3205,7.95,248,9),(3206,2.27,248,6),(3207,12.5,248,2),(3208,114.0,248,7),(3209,0.0,248,5),(3210,139.0,248,1),(3211,125.0,248,8),(3212,0.88,249,4),(3213,177.0,249,14),(3214,15.93,249,9),(3215,33.63,249,5),(3216,13.0,249,11),(3217,2.7,249,3),(3218,7.96,249,2),(3219,35.0,249,12),(3220,310.0,249,7),(3221,469.0,249,8),(3222,2.39,249,6),(3223,1.1,249,16),(3224,0.0,250,16),(3225,35.0,250,4),(3226,12.5,250,9),(3227,0.45,250,6),(3228,238.0,250,8),(3229,53.75,250,5),(3230,425.0,250,7),(3231,0.0,250,3),(3232,312.0,250,12),(3233,25.0,250,2),(3234,38.0,250,11),(3235,0.0,250,14),(3236,3.0,251,32),(3237,0.0,251,26),(3238,94.9,251,5),(3239,1.0,251,15),(3240,0.01,251,18),(3241,0.0,251,14),(3242,7.0,251,19),(3243,117.0,251,1),(3244,0.0,251,11),(3245,3.0,251,43),(3246,0.037,251,37),(3247,0.058,251,13),(3248,4.1,251,22),(3249,3.0,251,35),(3250,0.01,251,31),(3251,0.0,251,29),(3252,0.001,251,17),(3253,0.0,251,44),(3254,0.0,251,9),(3255,0.001,251,10),(3256,0.0,251,28),(3257,4.0,251,12),(3258,0.0,251,16),(3259,371.0,251,7),(3260,2.3,251,2),(3261,1.9,251,21),(3262,0.09,251,6),(3263,3.0,251,23),(3264,0.0,251,3),(3265,234.0,251,8),(3266,0.0,252,8),(3267,12.2,252,16),(3268,5.41,252,4),(3269,4.061,252,15),(3270,0.0,252,2),(3271,5.58,252,5),(3272,20.0,252,7),(3273,0.406,252,17),(3274,0.0,252,9),(3275,1.22,252,18),(3276,78.0,253,1),(3277,94.0,253,11),(3278,0.0,253,4),(3279,709.0,253,12),(3280,34.38,253,9),(3281,21.88,253,2),(3282,406.0,253,7),(3283,656.0,253,8),(3284,2.0,254,6),(3285,17.5,254,4),(3286,7.5,254,2),(3287,82.5,254,5),(3288,325.0,254,7),(3289,0.0,254,11),(3290,225.0,254,1),(3291,1.25,254,9),(3292,10.0,254,3),(3293,750.0,254,12),(3294,250.0,254,8),(3295,24.0,255,12),(3296,2.63,255,2),(3297,2.6,255,3),(3298,0.0,255,11),(3299,26.32,255,9),(3300,447.0,255,7),(3301,284.0,255,1),(3302,171.0,255,8),(3303,2.63,255,6),(3304,55.26,255,5),(3305,36.84,255,4),(3311,0.0,257,2),(3312,0.0,257,4),(3313,0.0,257,7),(3314,0.0,258,12),(3315,9.68,258,5),(3316,0.0,258,6),(3317,6.45,258,4),(3318,742.0,258,8),(3319,323.0,258,14),(3320,0.0,258,11),(3321,0.0,258,2),(3322,3.2,258,3),(3323,48.0,258,7),(3324,0.0,258,9),(3325,3.9,258,16),(3326,52.0,259,12),(3327,1.77,259,4),(3328,0.0,259,6),(3329,4.42,259,5),(3330,274.0,259,8),(3331,0.9,259,3),(3332,0.0,259,1),(3333,4.0,259,11),(3334,7.08,259,9),(3335,80.0,259,7),(3336,1.77,259,2),(3337,107.0,260,11),(3338,0.0,260,6),(3339,1071.0,260,14),(3340,0.0,260,16),(3341,0.0,260,4),(3342,32.14,260,9),(3343,393.0,260,7),(3344,0.0,260,3),(3345,714.0,260,12),(3346,643.0,260,8),(3347,25.0,260,2),(3348,0.0,260,5),(3349,2.3,261,3),(3350,2.33,261,9),(3351,349.0,261,7),(3352,2.8,261,16),(3353,3.35,261,6),(3354,0.0,261,11),(3355,69.77,261,5),(3356,30.23,261,2),(3357,349.0,261,8),(3358,47.0,261,12),(3359,2326.0,261,14),(3360,4.65,261,4),(3361,21.0,262,7),(3362,413.0,262,14),(3363,0.83,262,2),(3364,0.8,262,3),(3365,149.0,262,8),(3366,0.0,262,9),(3367,3.31,262,5),(3368,2.48,262,4),(3369,0.0,262,11),(3370,17.0,262,12),(3371,174.0,262,1),(3372,0.6,262,6),(3373,9.9,262,16),(3374,282.0,263,8),(3375,536.0,263,7),(3376,109.0,263,11),(3377,0.91,263,2),(3378,46.36,263,5),(3379,45.45,263,4),(3380,40.0,263,9),(3381,0.0,263,3),(3394,1.6,266,2),(3395,384.0,266,8),(3396,320.0,266,1),(3397,0.0,266,11),(3398,1.6,266,3),(3399,21.0,266,12),(3400,48.0,266,7),(3401,4.8,266,4),(3402,1.2,266,9),(3403,8.8,266,5),(3404,0.8,266,6),(3405,400.0,267,7),(3406,2.8,267,6),(3407,4.0,267,2),(3408,40.0,267,4),(3409,400.0,267,8),(3410,12.0,267,9),(3411,72.0,267,5),(3412,2.3,268,3),(3413,58.14,268,4),(3414,12.0,268,11),(3415,163.0,268,1),(3416,62.79,268,5),(3417,4.65,268,2),(3418,58.0,268,8),(3419,512.0,268,7),(3420,25.58,268,9),(3421,140.0,268,12),(3422,2.51,268,6),(3423,0.0,269,2),(3424,0.0,269,7),(3425,81.0,270,7),(3426,11.79,270,5),(3427,4.07,270,2),(3428,4.0,270,11),(3429,439.0,270,8),(3430,1.2,270,3),(3431,1.63,270,9),(3432,2.03,270,4),(3433,0.0,271,6),(3434,0.0,271,16),(3435,67.5,271,4),(3436,550.0,271,7),(3437,0.0,271,11),(3438,2.5,271,2),(3439,50.0,271,12),(3440,62.0,271,8),(3441,0.0,271,3),(3442,30.0,271,9),(3443,67.5,271,5),(3444,0.0,271,14),(3445,1.18,272,4),(3446,7.0,272,8),(3447,0.0,272,11),(3448,11.76,272,2),(3449,74.12,272,5),(3450,359.0,272,7),(3451,0.0,272,9),(3452,2.4,272,3),(3453,10.0,273,8),(3454,0.0,273,2),(3455,0.0,273,4),(3456,0.0,273,7),(3457,0.0,274,12),(3458,53.57,274,5),(3459,536.0,274,7),(3460,3.6,274,3),(3461,0.0,274,11),(3462,0.0,274,4),(3463,7.14,274,2),(3464,929.0,274,8),(3465,32.14,274,9),(3466,1286.0,274,1),(3467,1.07,274,6),(3468,0.77,275,2),(3469,15.0,275,12),(3470,23.0,275,7),(3471,0.31,275,6),(3472,162.0,275,8),(3473,0.8,275,3),(3474,4.62,275,5),(3475,3.08,275,4),(3476,44.0,276,12),(3477,73.8,276,5),(3478,0.0,276,26),(3479,32.5,276,22),(3480,0.223,276,13),(3481,2.474,276,15),(3482,106.0,276,23),(3483,4.0,276,21),(3484,0.1,276,16),(3485,8.0,276,14),(3486,307.0,276,19),(3487,381.0,276,7),(3488,52.0,276,32),(3489,0.0,276,11),(3490,0.495,276,37),(3491,0.0,276,29),(3492,9.0,276,2),(3493,3.04,276,6),(3494,52.0,276,43),(3495,0.316,276,10),(3496,887.0,276,8),(3497,0.0,276,28),(3498,52.0,276,35),(3499,20.9,276,3),(3500,0.19,276,17),(3501,2.55,276,31),(3502,454.0,276,1),(3503,9.2,276,9),(3504,0.0,276,18),(3505,7.1,277,3),(3506,0.0,277,16),(3507,3.57,277,4),(3508,53.57,277,9),(3509,17.86,277,5),(3510,0.0,277,11),(3511,143.0,277,8),(3512,71.0,277,12),(3513,607.0,277,7),(3514,25.0,277,2),(3515,2.57,277,6),(3516,0.0,277,14),(3517,72.0,278,12),(3518,16.35,278,2),(3519,23.56,278,5),(3520,2.16,278,6),(3521,274.0,278,7),(3522,673.0,278,8),(3523,41.0,278,11),(3524,12.02,278,9),(3525,2.4,278,4),(3526,1.0,278,3),(3527,0.6,278,16),(3528,48.0,278,14),(3529,0.0,279,12),(3530,0.0,279,6),(3531,0.0,279,16),(3532,200.0,279,7),(3533,0.0,279,2),(3534,0.0,279,11),(3535,0.0,279,4),(3536,1600.0,279,8),(3537,0.0,279,3),(3538,20.0,279,9),(3539,0.0,279,5),(3540,0.0,279,14),(3541,0.0,280,16),(3542,12.9,280,4),(3543,22.58,280,9),(3544,323.0,280,14),(3545,484.0,280,8),(3546,16.13,280,5),(3547,16.13,280,2),(3548,0.0,280,3),(3549,81.0,280,11),(3550,323.0,280,7),(3551,484.0,280,12),(3552,1.16,280,6),(3553,29.41,281,4),(3554,0.0,281,2),(3555,853.0,281,8),(3556,32.35,281,5),(3557,132.0,281,7),(3558,3.08,282,2),(3559,9.2,282,16),(3560,677.0,282,8),(3561,123.0,282,7),(3562,18.46,282,5),(3563,7.7,282,3),(3564,0.0,282,11),(3565,31.0,282,12),(3566,2.22,282,6),(3567,7692.0,282,14),(3568,7.69,282,9),(3569,3.08,282,4),(3570,37000.0,283,8),(3571,0.0,283,2),(3572,0.0,283,7),(3573,0.0,283,9),(3574,0.0,283,5),(3575,7.0,284,12),(3576,0.0,284,8),(3577,273.0,284,1),(3578,76.36,284,5),(3579,364.0,284,7),(3580,0.0,284,11),(3581,0.0,284,4),(3582,3.64,284,9),(3583,5.5,284,3),(3584,7.27,284,2),(3585,1.82,284,6),(3586,0.0,285,12),(3587,1.79,285,9),(3588,107.0,285,7),(3589,20.54,285,2),(3590,143.0,285,8),(3591,0.0,285,4),(3592,1.61,285,6),(3593,89.0,285,14),(3594,0.0,285,3),(3595,0.89,285,5),(3596,143.0,285,11),(3597,205.0,286,12),(3598,48.72,286,4),(3599,0.92,286,6),(3600,53.85,286,5),(3601,13.0,286,11),(3602,3.1,286,16),(3603,7.69,286,2),(3604,564.0,286,7),(3605,103.0,286,8),(3606,0.0,286,3),(3607,0.0,286,14),(3608,38.46,286,9),(3609,141.0,287,12),(3610,464.0,287,7),(3611,46.43,287,5),(3612,25.0,287,9),(3613,679.0,287,1),(3614,357.0,287,8),(3615,0.0,287,11),(3616,7.14,287,2),(3617,10.7,287,3),(3618,17.86,287,4),(3619,2.14,287,6),(3620,3.33,288,2),(3621,9.58,288,5),(3622,0.0,288,6),(3623,0.0,288,16),(3624,50.0,288,7),(3625,7.08,288,4),(3626,0.0,288,11),(3627,46.0,288,8),(3628,0.0,288,9),(3629,0.0,288,3),(3630,146.0,288,12),(3631,0.0,288,14),(3632,80.0,289,8),(3633,0.0,289,6),(3634,100.0,289,7),(3635,15.0,289,11),(3636,100.0,289,14),(3637,10.0,289,4),(3638,3.0,289,9),(3639,14.0,289,5),(3640,5.0,289,2),(3641,240.0,289,1),(3642,200.0,289,12),(3643,0.0,289,3),(3644,1.2,289,16),(3645,7.0,290,12),(3646,67.0,290,11),(3647,0.0,290,6),(3648,33.33,290,9),(3649,0.0,290,2),(3650,700.0,290,8),(3651,0.0,290,4),(3652,333.0,290,7),(3653,33.0,290,1),(3654,0.0,290,3),(3655,6.67,290,5),(3656,10.6,291,9),(3657,75.0,291,21),(3658,0.0,292,8),(3659,3.6,292,3),(3660,7.143,292,15),(3661,0.455,292,13),(3662,12.5,292,2),(3663,0.0,292,14),(3664,0.0,292,12),(3665,3.21,292,6),(3666,73.21,292,5),(3667,0.0,292,16),(3668,1.79,292,9),(3669,3.57,292,4),(3670,1.0,292,10),(3671,0.0,292,11),(3672,357.0,292,7),(3673,0.0,293,8),(3674,0.0,293,2),(3675,0.0,293,4),(3676,52.63,293,5),(3677,0.0,293,9),(3678,95.65,294,5),(3679,217.0,294,1),(3680,652.0,294,8),(3681,0.0,294,2),(3682,91.3,294,4),(3683,0.0,294,9),(3684,348.0,294,7),(3685,21.43,295,2),(3686,286.0,295,7),(3687,0.0,295,6),(3688,1071.0,295,14),(3689,0.0,295,16),(3690,21.43,295,9),(3691,3.57,295,4),(3692,71.0,295,11),(3693,3.57,295,5),(3694,0.0,295,3),(3695,964.0,295,8),(3696,714.0,295,12),(3697,0.0,296,16),(3698,32.5,296,9),(3699,0.0,296,11),(3700,5.0,296,2),(3701,50.0,296,12),(3702,57.5,296,5),(3703,475.0,296,7),(3704,38.0,296,8),(3705,6.75,296,6),(3706,45.0,296,4),(3707,7.5,296,3),(3708,0.0,296,14),(3709,0.0,297,12),(3710,8.93,297,2),(3711,1089.0,297,8),(3712,0.89,297,9),(3713,0.0,297,16),(3714,339.0,297,7),(3715,1.8,297,3),(3716,0.0,297,11),(3717,0.64,297,6),(3718,75.0,297,5),(3719,1.79,297,4),(3720,0.0,297,14),(3721,0.0,298,12),(3722,0.89,298,9),(3723,0.0,298,16),(3724,1393.0,298,8),(3725,339.0,298,7),(3726,1.8,298,3),(3727,0.0,298,11),(3728,0.0,298,4),(3729,7.14,298,2),(3730,0.64,298,6),(3731,76.79,298,5),(3732,0.0,298,14),(3733,176.0,299,19),(3734,4.0,299,6),(3735,10.4,299,9),(3736,498.0,299,8),(3737,0.01,299,17),(3738,3.6,299,15),(3739,11.0,299,3),(3740,214.0,299,1),(3741,0.0,299,16),(3742,0.19,299,13),(3743,6.8,299,2),(3744,0.0,299,10),(3745,0.0,299,11),(3746,451.0,299,12),(3747,0.0,299,18),(3748,16.9,299,4),(3749,2.8,299,21),(3750,10.0,299,23),(3751,2929.0,299,14),(3752,53.0,299,32),(3753,76.6,299,5),(3754,0.3,299,31),(3755,0.0,300,12),(3756,0.0,300,16),(3757,571.0,300,7),(3758,3.57,300,4),(3759,0.0,300,11),(3760,35.71,300,9),(3761,50.0,300,5),(3762,1.29,300,6),(3763,7.14,300,2),(3764,10.7,300,3),(3765,0.0,300,14),(3766,1143.0,300,8),(3767,3.33,301,2),(3768,0.0,301,12),(3769,0.0,301,6),(3770,53.33,301,4),(3771,0.0,301,1),(3772,0.0,301,11),(3773,50.0,301,8),(3774,333.0,301,7),(3775,0.0,301,9),(3776,0.0,301,3),(3777,80.0,301,5),(3778,1.18,302,4),(3779,588.0,302,8),(3780,0.0,302,16),(3781,18.0,302,11),(3782,31.76,302,5),(3783,11.76,302,9),(3784,941.0,302,12),(3785,9.41,302,2),(3786,118.0,302,14),(3787,3.5,302,3),(3788,2.12,302,6),(3789,271.0,302,7),(3790,0.9,303,3),(3791,0.86,303,2),(3792,108.0,303,8),(3793,22.0,303,7),(3794,4.31,303,5),(3795,2.59,303,4),(3796,105.0,304,5),(3797,0.0,304,2),(3798,417.0,304,7),(3799,78.33,304,4),(3800,50.0,304,8),(3801,0.0,305,12),(3802,0.89,305,9),(3803,73.21,305,5),(3804,0.0,305,8),(3805,2.86,305,6),(3806,3.57,305,4),(3807,3.6,305,3),(3808,357.0,305,7),(3809,0.0,305,11),(3810,196.0,305,1),(3811,12.5,305,2),(3812,16.0,306,12),(3813,0.86,306,6),(3814,1.63,306,2),(3815,4.49,306,9),(3816,78.0,306,7),(3817,2.0,306,11),(3818,163.0,306,1),(3819,0.4,306,3),(3820,355.0,306,8),(3821,7.76,306,5),(3822,0.41,306,4),(3823,4.0,307,8),(3824,0.0,307,6),(3825,50.0,307,7),(3826,12.08,307,5),(3827,25.0,307,16),(3828,0.0,307,9),(3829,121.0,307,1),(3830,0.0,307,14),(3831,0.0,307,12),(3832,0.42,307,2),(3833,0.0,307,11),(3834,9.58,307,4),(3835,0.0,307,3),(3848,37.45,309,5),(3849,32.0,309,32),(3850,0.0,309,20),(3851,9.39,309,9),(3852,1.57,309,27),(3853,27.4,309,25),(3854,2.27,309,2),(3855,0.4,309,22),(3856,4.8,309,41),(3857,154.0,309,8),(3858,8.0,309,40),(3859,0.0,309,11),(3860,0.0,309,24),(3861,13.58,309,4),(3862,0.81,309,6),(3863,32.0,309,43),(3864,0.186,309,17),(3865,0.0,309,33),(3866,0.734,309,15),(3867,32.0,309,35),(3868,0.4,309,31),(3869,7.5,309,16),(3870,0.0,309,30),(3871,0.0,309,29),(3872,49.44,309,21),(3873,431.0,309,1),(3874,0.0,309,42),(3875,62.0,309,19),(3876,192.0,309,7),(3877,0.0,309,44),(3878,0.0,309,38),(3879,0.0,309,28),(3880,27.0,309,23),(3881,0.092,309,10),(3882,0.186,309,37),(3883,5478.0,309,39),(3884,0.0,309,18),(3885,0.0,309,36),(3886,0.0,309,34),(3887,6.0,309,3),(3888,55.0,309,12),(3889,457.0,309,26),(3890,0.097,309,13);